employee_id,worker_name,hire_date,effective_date,reason,job_profile_from,job_profile_to,job_level_from,job_level_to,base_pay_from,base_pay_to,department_from,department_to,grade_from,grade_to,is_manager_from,is_manager_to,gender,minority_status,age,days_in_job_before_change,days_in_position_before_change,active,diverse
E00400,Alex Walker,07/23/2018,05/22/2020,Lateral Move > New Job > Same Level,Senior Associate,Director,Entry,Entry,87350.34,89530.41,Communications,Communications,10,10,0,0,Male,Minority,34,961,250,No,Minority
E00392,Riley Walker,05/27/2021,11/14/2022,Promotion > New Job > Higher Level,Administrator,Consultant,Entry,Professional,73864.18,87305.16,Communications,Communications,7,9,0,0,Male,Minority,30,426,554,Yes,Minority
E00034,Charlie Robinson,08/05/2019,08/09/2020,Lateral Move > New Job > Same Level,Consultant,Analyst I,Senior Professional,Senior Professional,77872.9,79770.83,Customer Service,Customer Service,5,5,0,0,Male,Minority,31,804,1163,No,Minority
E00034,Charlie Robinson,08/05/2019,09/15/2020,Demotion > New Job > Lower Level,Analyst I,Specialist,Senior Professional,Professional,79770.83,71116.58,Customer Service,Customer Service,5,5,0,0,Male,Minority,31,1208,542,Yes,Minority
E00034,Charlie Robinson,08/05/2019,06/13/2021,Promotion > New Job > Higher Level,Specialist,Manager,Professional,Senior Professional,71116.58,81858.4,Customer Service,Customer Service,5,6,0,0,Male,Minority,31,1721,1308,Yes,Minority
E00034,Charlie Robinson,08/05/2019,10/26/2023,Promotion > New Job > Higher Level,Manager,Senior Analyst,Senior Professional,Manager,81858.4,88678.26,Customer Service,Legal,6,7,0,1,Male,Minority,31,450,778,Yes,Minority
E00034,Charlie Robinson,08/05/2019,01/20/2021,Demotion > New Job > Lower Level,Senior Analyst,Senior Manager,Manager,Senior Professional,88678.26,80862.26,Legal,Legal,7,6,1,0,Male,Minority,31,997,627,Yes,Minority
E00160,Parker Williams,08/24/2021,03/16/2023,Lateral Move > New Job > Same Level,Senior Specialist,Senior Analyst,Entry,Entry,69473.88,70524.85,Engineering,Engineering,6,6,0,0,Male,Non-Minority,60,1740,366,Yes,Non-Minority
E00121,Kendall Young,11/17/2022,08/29/2024,Promotion > New Job > Higher Level,Director,Associate,Entry,Professional,97430.59,109432.01,Communications,Communications,11,12,0,0,Male,Minority,61,1329,1351,Yes,Minority
E00466,Parker Brown,07/03/2022,11/04/2023,Lateral Move > New Job > Same Level,Specialist,Specialist,Director,Director,121852.54,120026.59,Communications,Communications,14,14,1,1,Female,Non-Minority,65,1582,1269,No,Non-Minority
E00466,Parker Brown,07/03/2022,10/02/2023,Demotion > New Job > Lower Level,Specialist,Specialist,Director,Senior Manager,120026.59,103778.46,Communications,Communications,14,13,1,1,Female,Non-Minority,65,893,480,Yes,Non-Minority
E00444,Morgan Walker,12/06/2018,05/30/2020,Lateral Move > New Job > Same Level,Associate,Senior Analyst,Senior Professional,Senior Professional,72276.56,73835.67,Supply Chain,Engineering,7,7,0,0,Male,Minority,50,896,1352,Yes,Minority
E00444,Morgan Walker,12/06/2018,03/02/2021,Promotion > New Job > Higher Level,Senior Analyst,Associate,Senior Professional,Manager,73835.67,82405.74,Engineering,Engineering,7,8,0,1,Male,Minority,50,588,1493,Yes,Minority
E00444,Morgan Walker,12/06/2018,01/09/2022,Promotion > New Job > Higher Level,Associate,Analyst II,Manager,Senior Manager,82405.74,95892.27,Engineering,Engineering,8,9,1,1,Male,Minority,50,1694,201,No,Minority
E00419,Taylor Wright,04/06/2015,08/30/2016,Lateral Move > New Job > Same Level,Associate,Analyst II,Entry,Entry,88838.6,87147.23,Human Resources,Human Resources,9,9,0,0,Male,Non-Minority,42,804,1011,Yes,Non-Minority
E00419,Taylor Wright,04/06/2015,07/31/2017,Promotion > New Job > Higher Level,Analyst II,Associate,Entry,Professional,87147.23,95842.91,Human Resources,Human Resources,9,10,0,0,Male,Non-Minority,42,597,1209,Yes,Non-Minority
E00446,Parker Williams,01/17/2012,05/28/2013,Promotion > New Job > Higher Level,Analyst II,VP,Entry,Professional,71138.83,81344.14,Risk Management,Risk Management,7,9,0,0,Female,Non-Minority,38,1611,1458,Yes,Non-Minority
E00446,Parker Williams,01/17/2012,02/03/2013,Lateral Move > New Job > Same Level,VP,Senior Manager,Professional,Professional,81344.14,81861.69,Risk Management,Risk Management,9,9,0,0,Female,Non-Minority,38,269,613,Yes,Non-Minority
E00446,Parker Williams,01/17/2012,12/30/2013,Lateral Move > New Job > Same Level,Senior Manager,Director,Professional,Professional,81861.69,80568.91,Risk Management,Supply Chain,9,9,0,0,Female,Non-Minority,38,735,198,Yes,Non-Minority
E00446,Parker Williams,01/17/2012,08/26/2015,Lateral Move > New Job > Same Level,Director,Senior Director,Professional,Professional,80568.91,82650.25,Supply Chain,Legal,9,9,0,0,Female,Non-Minority,38,735,1447,Yes,Non-Minority
E00446,Parker Williams,01/17/2012,10/27/2017,Promotion > New Job > Higher Level,Senior Director,Consultant,Professional,Senior Professional,82650.25,97497.73,Legal,Risk Management,9,11,0,0,Female,Non-Minority,38,1509,881,Yes,Non-Minority
E00456,Blake Jones,12/15/2015,06/26/2017,Promotion > New Job > Higher Level,Coordinator,Director,Senior Professional,Manager,78964.3,93618.56,Sales,Sales,8,9,0,1,Female,Non-Minority,28,1268,270,No,Non-Minority
E00456,Blake Jones,12/15/2015,06/22/2017,Promotion > New Job > Higher Level,Director,Consultant,Manager,Senior Manager,93618.56,105330.02,Sales,Sales,9,10,1,1,Female,Non-Minority,28,1639,134,No,Non-Minority
E00250,Dakota Robinson,03/28/2022,08/01/2023,Demotion > New Job > Lower Level,Associate,Manager,Entry,Entry,117089.45,113564.49,Marketing,Marketing,13,12,0,0,Female,Non-Minority,50,985,411,Yes,Non-Minority
E00112,Dakota Hall,07/20/2012,01/13/2014,Promotion > New Job > Higher Level,Specialist,Senior Manager,Senior Professional,Manager,71232.18,78590.94,Supply Chain,Supply Chain,6,8,0,1,Male,Non-Minority,54,744,216,Yes,Non-Minority
E00458,Riley Hall,11/20/2022,03/30/2024,Demotion > New Job > Lower Level,Consultant,Administrator,Senior Professional,Professional,88049.92,84900.2,Risk Management,Risk Management,9,8,0,0,Female,Minority,54,240,1226,No,Minority
E00458,Riley Hall,11/20/2022,09/01/2024,Promotion > New Job > Higher Level,Administrator,Senior Director,Professional,Senior Professional,84900.2,91077.22,Risk Management,Risk Management,8,9,0,0,Female,Minority,54,461,269,Yes,Minority
E00174,River Walker,01/09/2023,12/21/2024,Promotion > New Job > Higher Level,Consultant,Senior Specialist,Senior Professional,Manager,77738.5,86491.86,Marketing,Marketing,7,8,0,1,Female,Non-Minority,60,819,1329,No,Non-Minority
E00174,River Walker,01/09/2023,12/11/2024,Demotion > New Job > Lower Level,Senior Specialist,Senior Analyst,Manager,Senior Professional,86491.86,78568.51,Marketing,Research,8,7,1,0,Female,Non-Minority,60,1369,1198,Yes,Non-Minority
E00345,Rowan Allen,11/12/2020,04/19/2022,Promotion > New Job > Higher Level,Senior Analyst,Coordinator,Senior Professional,Manager,92964.01,103609.29,Risk Management,Risk Management,10,11,0,1,Female,Minority,26,477,1433,Yes,Minority
E00345,Rowan Allen,11/12/2020,06/13/2023,Promotion > New Job > Higher Level,Coordinator,VP,Manager,Senior Manager,103609.29,113724.09,Risk Management,Risk Management,11,12,1,1,Female,Minority,26,422,467,No,Minority
E00157,Riley Allen,06/03/2020,08/16/2021,Promotion > New Job > Higher Level,Senior Analyst,Senior Specialist,Professional,Senior Professional,111192.45,129518.66,Supply Chain,Supply Chain,12,13,0,0,Female,Non-Minority,26,1022,711,Yes,Non-Minority
E00157,Riley Allen,06/03/2020,08/30/2022,Promotion > New Job > Higher Level,Senior Specialist,Senior Analyst,Senior Professional,Manager,129518.66,138946.78,Supply Chain,Marketing,13,15,0,1,Female,Non-Minority,26,233,1343,No,Non-Minority
E00157,Riley Allen,06/03/2020,12/01/2022,Lateral Move > New Job > Same Level,Senior Analyst,Director,Manager,Manager,138946.78,142058.12,Marketing,Marketing,15,15,1,1,Female,Non-Minority,26,655,562,Yes,Non-Minority
E00018,Avery Davis,10/29/2019,11/10/2020,Promotion > New Job > Higher Level,Analyst II,Senior Analyst,Senior Professional,Manager,115089.76,122216.27,Customer Service,Customer Service,12,14,0,1,Female,Minority,43,1208,1328,No,Minority
E00018,Avery Davis,10/29/2019,02/20/2022,Lateral Move > New Job > Same Level,Senior Analyst,Administrator,Manager,Manager,122216.27,125863.37,Customer Service,Customer Service,14,14,1,1,Female,Minority,43,973,1096,Yes,Minority
E00018,Avery Davis,10/29/2019,06/25/2023,Promotion > New Job > Higher Level,Administrator,Coordinator,Manager,Senior Manager,125863.37,135248.74,Customer Service,Legal,14,15,1,1,Female,Minority,43,210,642,Yes,Minority
E00018,Avery Davis,10/29/2019,02/20/2023,Promotion > New Job > Higher Level,Coordinator,Coordinator,Senior Manager,Director,135248.74,157071.8,Legal,Legal,15,16,1,1,Female,Minority,43,598,225,Yes,Minority
E00018,Avery Davis,10/29/2019,10/25/2021,Demotion > New Job > Lower Level,Coordinator,Administrator,Director,Senior Manager,157071.8,152441.86,Legal,Legal,16,15,1,1,Female,Minority,43,1443,1093,Yes,Minority
E00018,Avery Davis,10/29/2019,06/19/2024,Lateral Move > New Job > Same Level,Administrator,Senior Specialist,Senior Manager,Senior Manager,152441.86,158642.32,Legal,Legal,15,15,1,1,Female,Minority,43,1009,175,Yes,Minority
E00481,Jordan Thompson,03/19/2014,09/29/2015,Lateral Move > New Job > Same Level,Analyst I,VP,Manager,Manager,109708.86,113045.55,Operations,Operations,10,10,1,1,Female,Non-Minority,33,1351,1306,Yes,Non-Minority
E00481,Jordan Thompson,03/19/2014,09/18/2016,Promotion > New Job > Higher Level,VP,Administrator,Manager,Senior Manager,113045.55,127526.39,Operations,Operations,10,11,1,1,Female,Non-Minority,33,266,593,Yes,Non-Minority
E00481,Jordan Thompson,03/19/2014,02/13/2018,Lateral Move > New Job > Same Level,Administrator,Analyst I,Senior Manager,Senior Manager,127526.39,129777.34,Operations,Operations,11,11,1,1,Female,Non-Minority,33,1322,883,Yes,Non-Minority
E00481,Jordan Thompson,03/19/2014,02/08/2018,Promotion > New Job > Higher Level,Analyst I,Consultant,Senior Manager,Director,129777.34,139961.95,Operations,Operations,11,12,1,1,Female,Non-Minority,33,803,675,Yes,Non-Minority
E00481,Jordan Thompson,03/19/2014,10/18/2017,Demotion > New Job > Lower Level,Consultant,VP,Director,Senior Manager,139961.95,121996.89,Operations,Finance,12,11,1,1,Female,Non-Minority,33,1238,381,Yes,Non-Minority
E00061,Cameron Wright,06/04/2019,04/29/2021,Lateral Move > New Job > Same Level,Administrator,Analyst II,Entry,Entry,102069.9,103255.84,Human Resources,Human Resources,11,11,0,0,Female,Non-Minority,51,548,1288,Yes,Non-Minority
E00061,Cameron Wright,06/04/2019,05/16/2022,Lateral Move > New Job > Same Level,Analyst II,Specialist,Entry,Entry,103255.84,105140.1,Human Resources,Human Resources,11,11,0,0,Female,Non-Minority,51,1103,141,Yes,Non-Minority
E00061,Cameron Wright,06/04/2019,06/04/2021,Lateral Move > New Job > Same Level,Specialist,Consultant,Entry,Entry,105140.1,106376.3,Human Resources,Human Resources,11,11,0,0,Female,Non-Minority,51,593,1021,Yes,Non-Minority
E00061,Cameron Wright,06/04/2019,12/04/2020,Lateral Move > New Job > Same Level,Consultant,Consultant,Entry,Entry,106376.3,106110.97,Human Resources,Human Resources,11,11,0,0,Female,Non-Minority,51,1637,425,Yes,Non-Minority
E00240,Avery Taylor,04/27/2017,06/29/2018,Promotion > New Job > Higher Level,Senior Manager,Specialist,Professional,Senior Professional,102590.08,109476.41,Communications,Communications,12,13,0,0,Female,Minority,46,354,1162,Yes,Minority
E00240,Avery Taylor,04/27/2017,04/20/2020,Promotion > New Job > Higher Level,Specialist,Director,Senior Professional,Manager,109476.41,126886.56,Communications,Communications,13,15,0,1,Female,Minority,46,507,865,Yes,Minority
E00240,Avery Taylor,04/27/2017,06/14/2020,Lateral Move > New Job > Same Level,Director,Director,Manager,Manager,126886.56,124738.81,Communications,Operations,15,15,1,1,Female,Minority,46,1530,397,Yes,Minority
E00240,Avery Taylor,04/27/2017,03/25/2019,Promotion > New Job > Higher Level,Director,Senior Specialist,Manager,Senior Manager,124738.81,134322.49,Operations,Operations,15,16,1,1,Female,Minority,46,810,723,Yes,Minority
E00240,Avery Taylor,04/27/2017,05/31/2022,Promotion > New Job > Higher Level,Senior Specialist,Associate,Senior Manager,Director,134322.49,146857.07,Operations,Marketing,16,17,1,1,Female,Minority,46,187,1365,Yes,Minority
E00240,Avery Taylor,04/27/2017,02/26/2021,Promotion > New Job > Higher Level,Associate,Senior Manager,Director,VP,146857.07,164303.16,Marketing,Marketing,17,17,1,1,Female,Minority,46,191,1335,No,Minority
E00391,Alex Lee,03/21/2023,07/19/2024,Lateral Move > New Job > Same Level,VP,Manager,Professional,Professional,68309.44,67980.27,Customer Service,Customer Service,7,7,0,0,Male,Non-Minority,25,1019,994,No,Non-Minority
E00391,Alex Lee,03/21/2023,06/09/2024,Promotion > New Job > Higher Level,Manager,Director,Professional,Senior Professional,67980.27,73874.63,Customer Service,Customer Service,7,8,0,0,Male,Non-Minority,25,1467,1231,Yes,Non-Minority
E00488,Jordan White,11/17/2018,02/19/2020,Promotion > New Job > Higher Level,Coordinator,Senior Analyst,Senior Professional,Manager,82525.88,87333.8,Communications,Communications,8,9,0,1,Male,Non-Minority,52,246,1456,Yes,Non-Minority
E00136,River Lee,06/09/2016,04/13/2018,Promotion > New Job > Higher Level,Senior Specialist,Senior Specialist,Professional,Senior Professional,80570.16,88600.32,Human Resources,Human Resources,6,8,0,0,Female,Non-Minority,51,545,420,Yes,Non-Minority
E00136,River Lee,06/09/2016,04/28/2019,Promotion > New Job > Higher Level,Senior Specialist,Director,Senior Professional,Manager,88600.32,101151.75,Human Resources,Human Resources,8,10,0,1,Female,Non-Minority,51,1352,1241,Yes,Non-Minority
E00136,River Lee,06/09/2016,06/07/2018,Promotion > New Job > Higher Level,Director,Analyst I,Manager,Senior Manager,101151.75,117578.82,Human Resources,Human Resources,10,12,1,1,Female,Non-Minority,51,370,702,Yes,Non-Minority
E00136,River Lee,06/09/2016,04/01/2019,Lateral Move > New Job > Same Level,Analyst I,Analyst II,Senior Manager,Senior Manager,117578.82,118260.76,Human Resources,Human Resources,12,12,1,1,Female,Non-Minority,51,1733,965,Yes,Non-Minority
E00136,River Lee,06/09/2016,03/02/2022,Lateral Move > New Job > Same Level,Analyst II,Analyst II,Senior Manager,Senior Manager,118260.76,120452.48,Human Resources,Marketing,12,12,1,1,Female,Non-Minority,51,1602,652,Yes,Non-Minority
E00300,Kendall Allen,01/24/2021,10/20/2022,Lateral Move > New Job > Same Level,Associate,Director,Senior Professional,Senior Professional,88173.09,88963.39,Communications,Sales,8,8,0,0,Female,Minority,31,299,313,Yes,Minority
E00300,Kendall Allen,01/24/2021,09/01/2023,Promotion > New Job > Higher Level,Director,Consultant,Senior Professional,Manager,88963.39,99865.8,Sales,Sales,8,9,0,1,Female,Minority,31,1794,678,Yes,Minority
E00300,Kendall Allen,01/24/2021,06/16/2024,Lateral Move > New Job > Same Level,Consultant,Senior Manager,Manager,Manager,99865.8,102124.68,Sales,Sales,9,9,1,1,Female,Minority,31,1357,1366,No,Minority
E00440,Avery Scott,12/03/2022,02/07/2024,Promotion > New Job > Higher Level,Administrator,Manager,Entry,Professional,100967.59,113886.99,Marketing,Marketing,9,11,0,0,Female,Minority,27,548,1338,Yes,Minority
E00440,Avery Scott,12/03/2022,07/28/2024,Lateral Move > New Job > Same Level,Manager,Analyst I,Professional,Professional,113886.99,117258.17,Marketing,Marketing,11,11,0,0,Female,Minority,27,422,139,Yes,Minority
E00132,Blake Taylor,07/23/2012,09/21/2013,Promotion > New Job > Higher Level,VP,Senior Specialist,Manager,Senior Manager,108338.51,126748.98,Customer Service,Customer Service,13,14,1,1,Female,Minority,63,273,773,Yes,Minority
E00132,Blake Taylor,07/23/2012,07/16/2014,Promotion > New Job > Higher Level,Senior Specialist,Senior Associate,Senior Manager,Director,126748.98,133301.22,Customer Service,Engineering,14,15,1,1,Female,Minority,63,1798,228,Yes,Minority
E00132,Blake Taylor,07/23/2012,04/14/2015,Promotion > New Job > Higher Level,Senior Associate,Analyst I,Director,VP,133301.22,150097.63,Engineering,Engineering,15,17,1,1,Female,Minority,63,413,1494,No,Minority
E00132,Blake Taylor,07/23/2012,06/05/2015,Promotion > New Job > Higher Level,Analyst I,Analyst I,VP,VP,150097.63,166519.42,Engineering,Engineering,17,17,1,1,Female,Minority,63,539,487,Yes,Minority
E00132,Blake Taylor,07/23/2012,05/30/2015,Promotion > New Job > Higher Level,Analyst I,Manager,VP,VP,166519.42,197882.01,Engineering,Engineering,17,17,1,1,Female,Minority,63,252,1412,No,Minority
E00132,Blake Taylor,07/23/2012,01/30/2015,Lateral Move > New Job > Same Level,Manager,Consultant,VP,VP,197882.01,200593.92,Engineering,Engineering,17,17,1,1,Female,Minority,63,1279,776,Yes,Minority
E00463,Casey Martin,07/18/2018,02/14/2020,Lateral Move > New Job > Same Level,Coordinator,Senior Associate,Manager,Manager,101945.66,106527.64,Sales,Customer Service,12,12,1,1,Female,Minority,22,1337,1478,Yes,Minority
E00463,Casey Martin,07/18/2018,06/05/2020,Promotion > New Job > Higher Level,Senior Associate,Coordinator,Manager,Senior Manager,106527.64,115181.88,Customer Service,Customer Service,12,13,1,1,Female,Minority,22,904,225,Yes,Minority
E00463,Casey Martin,07/18/2018,05/18/2020,Promotion > New Job > Higher Level,Coordinator,Senior Specialist,Senior Manager,Director,115181.88,135466.66,Customer Service,Customer Service,13,15,1,1,Female,Minority,22,1463,1184,Yes,Minority
E00463,Casey Martin,07/18/2018,06/21/2020,Demotion > New Job > Lower Level,Senior Specialist,Director,Director,Senior Manager,135466.66,125202.03,Customer Service,Customer Service,15,14,1,1,Female,Minority,22,419,721,Yes,Minority
E00453,Hayden Clark,10/23/2020,04/02/2022,Demotion > New Job > Lower Level,Coordinator,Manager,Entry,Entry,83875.04,79033.71,Human Resources,Human Resources,9,8,0,0,Male,Non-Minority,36,666,851,Yes,Non-Minority
E00453,Hayden Clark,10/23/2020,01/28/2023,Lateral Move > New Job > Same Level,Manager,Senior Manager,Entry,Entry,79033.71,82041.89,Human Resources,Human Resources,8,8,0,0,Male,Non-Minority,36,799,448,Yes,Non-Minority
E00453,Hayden Clark,10/23/2020,06/09/2022,Promotion > New Job > Higher Level,Senior Manager,Consultant,Entry,Professional,82041.89,95803.73,Human Resources,Human Resources,8,10,0,0,Male,Non-Minority,36,369,998,Yes,Non-Minority
E00453,Hayden Clark,10/23/2020,08/24/2024,Promotion > New Job > Higher Level,Consultant,Senior Analyst,Professional,Senior Professional,95803.73,112076.36,Human Resources,Human Resources,10,11,0,0,Male,Non-Minority,36,569,786,Yes,Non-Minority
E00453,Hayden Clark,10/23/2020,07/09/2024,Promotion > New Job > Higher Level,Senior Analyst,Analyst II,Senior Professional,Manager,112076.36,130718.02,Human Resources,Risk Management,11,13,0,1,Male,Non-Minority,36,1237,1475,Yes,Non-Minority
E00453,Hayden Clark,10/23/2020,04/19/2023,Promotion > New Job > Higher Level,Analyst II,VP,Manager,Senior Manager,130718.02,151461.09,Risk Management,Risk Management,13,14,1,1,Male,Non-Minority,36,1249,327,Yes,Non-Minority
E00341,Hayden Clark,01/05/2022,06/13/2023,Promotion > New Job > Higher Level,Manager,Analyst II,Senior Professional,Manager,90347.17,104175.51,Operations,Operations,11,12,0,1,Male,Non-Minority,58,862,1046,No,Non-Minority
E00425,Rowan Williams,03/24/2023,05/14/2024,Lateral Move > New Job > Same Level,Senior Specialist,Senior Associate,Director,Director,132445.95,134623.42,Marketing,Marketing,17,17,1,1,Female,Minority,45,226,1272,Yes,Minority
E00190,Quinn Moore,05/24/2019,04/15/2021,Promotion > New Job > Higher Level,Senior Manager,Senior Manager,Senior Professional,Manager,115393.68,126717.5,Marketing,Engineering,11,12,0,1,Female,Minority,61,833,993,Yes,Minority
E00190,Quinn Moore,05/24/2019,04/10/2022,Demotion > New Job > Lower Level,Senior Manager,Analyst II,Manager,Senior Professional,126717.5,109647.97,Engineering,Engineering,12,11,1,0,Female,Minority,61,211,1365,Yes,Minority
E00190,Quinn Moore,05/24/2019,04/10/2023,Promotion > New Job > Higher Level,Analyst II,Specialist,Senior Professional,Manager,109647.97,118527.99,Engineering,Engineering,11,12,0,1,Female,Minority,61,735,379,Yes,Minority
E00143,Sage Garcia,05/28/2021,10/20/2022,Promotion > New Job > Higher Level,Associate,Consultant,Manager,Senior Manager,110866.85,119258.5,Operations,Operations,10,11,1,1,Male,Non-Minority,43,873,1197,No,Non-Minority
E00143,Sage Garcia,05/28/2021,08/25/2023,Promotion > New Job > Higher Level,Consultant,Senior Director,Senior Manager,Director,119258.5,127548.29,Operations,Operations,11,12,1,1,Male,Non-Minority,43,283,306,Yes,Non-Minority
E00143,Sage Garcia,05/28/2021,07/21/2024,Promotion > New Job > Higher Level,Senior Director,VP,Director,VP,127548.29,135573.37,Operations,Operations,12,13,1,1,Male,Non-Minority,43,1400,1303,Yes,Non-Minority
E00019,Avery Williams,12/10/2014,12/02/2016,Lateral Move > New Job > Same Level,Consultant,Specialist,Manager,Manager,119177.08,120512.88,Finance,Finance,11,11,1,1,Male,Non-Minority,24,585,1463,Yes,Non-Minority
E00019,Avery Williams,12/10/2014,06/08/2017,Lateral Move > New Job > Same Level,Specialist,Coordinator,Manager,Manager,120512.88,118765.23,Finance,Finance,11,11,1,1,Male,Non-Minority,24,1133,1252,No,Non-Minority
E00019,Avery Williams,12/10/2014,09/04/2016,Promotion > New Job > Higher Level,Coordinator,Manager,Manager,Senior Manager,118765.23,139184.26,Finance,Finance,11,12,1,1,Male,Non-Minority,24,379,1023,Yes,Non-Minority
E00019,Avery Williams,12/10/2014,09/05/2017,Promotion > New Job > Higher Level,Manager,Senior Analyst,Senior Manager,Director,139184.26,155967.36,Finance,Finance,12,14,1,1,Male,Non-Minority,24,1443,618,No,Non-Minority
E00019,Avery Williams,12/10/2014,12/23/2017,Promotion > New Job > Higher Level,Senior Analyst,Specialist,Director,VP,155967.36,168055.29,Finance,Finance,14,16,1,1,Male,Non-Minority,24,1795,755,Yes,Non-Minority
E00019,Avery Williams,12/10/2014,01/08/2021,Lateral Move > New Job > Same Level,Specialist,Specialist,VP,VP,168055.29,170429.15,Finance,Human Resources,16,16,1,1,Male,Non-Minority,24,1160,1034,Yes,Non-Minority
E00260,Logan Miller,01/31/2020,06/23/2021,Promotion > New Job > Higher Level,Associate,Senior Specialist,Entry,Professional,99666.74,113686.47,IT,Human Resources,11,13,0,0,Male,Non-Minority,39,1642,309,Yes,Non-Minority
E00260,Logan Miller,01/31/2020,12/29/2021,Promotion > New Job > Higher Level,Senior Specialist,Senior Specialist,Professional,Senior Professional,113686.47,132884.09,Human Resources,Human Resources,13,14,0,0,Male,Non-Minority,39,1389,936,Yes,Non-Minority
E00283,Sydney Jones,11/15/2019,09/27/2021,Promotion > New Job > Higher Level,Consultant,Senior Specialist,Entry,Professional,78214.25,88553.58,Operations,Operations,8,9,0,0,Female,Non-Minority,48,315,787,No,Non-Minority
E00283,Sydney Jones,11/15/2019,06/15/2021,Demotion > New Job > Lower Level,Senior Specialist,Coordinator,Professional,Entry,88553.58,84640.31,Operations,Operations,9,8,0,0,Female,Non-Minority,48,1071,1251,Yes,Non-Minority
E00307,Avery Taylor,05/09/2017,02/11/2019,Promotion > New Job > Higher Level,Senior Specialist,VP,Senior Professional,Manager,78190.95,84130.55,Marketing,Marketing,6,7,0,1,Female,Minority,54,1637,1265,Yes,Minority
E00307,Avery Taylor,05/09/2017,09/19/2019,Lateral Move > New Job > Same Level,VP,Specialist,Manager,Manager,84130.55,83121.2,Marketing,Marketing,7,7,1,1,Female,Minority,54,1316,289,No,Minority
E00307,Avery Taylor,05/09/2017,11/05/2020,Promotion > New Job > Higher Level,Specialist,Director,Manager,Senior Manager,83121.2,91117.9,Marketing,Marketing,7,8,1,1,Female,Minority,54,402,1493,Yes,Minority
E00030,Sage Garcia,10/30/2017,05/12/2019,Lateral Move > New Job > Same Level,Manager,Analyst I,Professional,Professional,97530.54,97815.19,Human Resources,Human Resources,8,8,0,0,Male,Minority,56,365,535,Yes,Minority
E00030,Sage Garcia,10/30/2017,03/21/2019,Promotion > New Job > Higher Level,Analyst I,Manager,Professional,Senior Professional,97815.19,113814.0,Human Resources,Human Resources,8,9,0,0,Male,Minority,56,1268,686,Yes,Minority
E00030,Sage Garcia,10/30/2017,01/05/2021,Promotion > New Job > Higher Level,Manager,Specialist,Senior Professional,Manager,113814.0,122845.14,Human Resources,Human Resources,9,11,0,1,Male,Minority,56,793,1257,Yes,Minority
E00030,Sage Garcia,10/30/2017,08/21/2022,Lateral Move > New Job > Same Level,Specialist,Senior Specialist,Manager,Manager,122845.14,123007.11,Human Resources,Human Resources,11,11,1,1,Male,Minority,56,1650,795,No,Minority
E00030,Sage Garcia,10/30/2017,04/30/2019,Promotion > New Job > Higher Level,Senior Specialist,Administrator,Manager,Senior Manager,123007.11,140440.12,Human Resources,Human Resources,11,12,1,1,Male,Minority,56,441,692,No,Minority
E00374,Jordan Brown,03/30/2020,10/05/2021,Promotion > New Job > Higher Level,Administrator,Specialist,Entry,Professional,92880.14,97535.9,Engineering,Engineering,9,10,0,0,Female,Non-Minority,33,404,667,Yes,Non-Minority
E00153,Dakota Williams,01/27/2011,05/26/2012,Promotion > New Job > Higher Level,Analyst II,Specialist,Senior Professional,Manager,101380.03,117127.72,Sales,Sales,11,13,0,1,Male,Non-Minority,53,1637,873,No,Non-Minority
E00110,Addison Jones,03/24/2015,10/04/2016,Demotion > New Job > Lower Level,Senior Analyst,Manager,Manager,Senior Professional,112870.79,102325.8,Communications,Marketing,10,9,1,0,Male,Minority,56,464,475,Yes,Minority
E00110,Addison Jones,03/24/2015,10/12/2017,Demotion > New Job > Lower Level,Manager,Administrator,Senior Professional,Professional,102325.8,92092.95,Marketing,Marketing,9,8,0,0,Male,Minority,56,1034,405,No,Minority
E00110,Addison Jones,03/24/2015,11/03/2017,Lateral Move > New Job > Same Level,Administrator,Senior Analyst,Professional,Professional,92092.95,96681.2,Marketing,Marketing,8,8,0,0,Male,Minority,56,203,236,Yes,Minority
E00110,Addison Jones,03/24/2015,11/10/2019,Lateral Move > New Job > Same Level,Senior Analyst,Manager,Professional,Professional,96681.2,94853.88,Marketing,Marketing,8,8,0,0,Male,Minority,56,1527,984,No,Minority
E00423,Addison Lee,09/19/2011,10/31/2012,Promotion > New Job > Higher Level,Senior Director,Manager,Senior Manager,Director,107544.25,123281.89,Supply Chain,Supply Chain,11,12,1,1,Female,Minority,23,1795,1327,No,Minority
E00423,Addison Lee,09/19/2011,11/27/2013,Promotion > New Job > Higher Level,Manager,Administrator,Director,VP,123281.89,137848.77,Supply Chain,Supply Chain,12,13,1,1,Female,Minority,23,1101,877,Yes,Minority
E00372,Elliot Miller,03/11/2019,07/03/2020,Promotion > New Job > Higher Level,VP,Administrator,Entry,Professional,111125.89,123762.66,Finance,Product,13,14,0,0,Female,Non-Minority,52,1676,574,Yes,Non-Minority
E00372,Elliot Miller,03/11/2019,03/09/2022,Lateral Move > New Job > Same Level,Administrator,Senior Manager,Professional,Professional,123762.66,125634.08,Product,Product,14,14,0,0,Female,Non-Minority,52,1360,841,Yes,Non-Minority
E00372,Elliot Miller,03/11/2019,05/17/2020,Demotion > New Job > Lower Level,Senior Manager,VP,Professional,Entry,125634.08,122765.9,Product,Product,14,13,0,0,Female,Non-Minority,52,934,321,Yes,Non-Minority
E00288,Jamie Miller,11/16/2013,07/20/2015,Promotion > New Job > Higher Level,Analyst I,Administrator,Manager,Senior Manager,95674.07,102496.89,Finance,Finance,11,12,1,1,Male,Minority,25,1717,662,Yes,Minority
E00288,Jamie Miller,11/16/2013,03/06/2016,Promotion > New Job > Higher Level,Administrator,Associate,Senior Manager,Director,102496.89,115668.1,Finance,Finance,12,13,1,1,Male,Minority,25,1147,1381,No,Minority
E00288,Jamie Miller,11/16/2013,04/24/2015,Lateral Move > New Job > Same Level,Associate,Director,Director,Director,115668.1,118893.53,Finance,Finance,13,13,1,1,Male,Minority,25,819,1345,No,Minority
E00288,Jamie Miller,11/16/2013,03/04/2015,Promotion > New Job > Higher Level,Director,Senior Manager,Director,VP,118893.53,134380.01,Finance,Product,13,15,1,1,Male,Minority,25,1140,1265,Yes,Minority
E00288,Jamie Miller,11/16/2013,12/27/2018,Promotion > New Job > Higher Level,Senior Manager,Coordinator,VP,VP,134380.01,149585.43,Product,Product,15,17,1,1,Male,Minority,25,783,682,Yes,Minority
E00100,Blake Walker,12/05/2016,12/23/2017,Promotion > New Job > Higher Level,Senior Analyst,Analyst I,Entry,Professional,113472.83,131520.2,Communications,Communications,12,14,0,0,Male,Minority,27,1468,1059,Yes,Minority
E00100,Blake Walker,12/05/2016,07/20/2019,Promotion > New Job > Higher Level,Analyst I,Senior Associate,Professional,Senior Professional,131520.2,149397.61,Communications,Communications,14,15,0,0,Male,Minority,27,1690,1368,Yes,Minority
E00256,Parker Scott,07/21/2010,12/14/2011,Promotion > New Job > Higher Level,Analyst II,Administrator,Senior Professional,Manager,72153.5,76654.18,Product,Product,6,8,0,1,Female,Non-Minority,29,1785,659,Yes,Non-Minority
E00032,Skyler Clark,09/22/2014,11/28/2015,Lateral Move > New Job > Same Level,Administrator,Analyst I,Senior Professional,Senior Professional,114228.09,116867.43,Supply Chain,Engineering,10,10,0,0,Female,Non-Minority,38,1698,318,Yes,Non-Minority
E00032,Skyler Clark,09/22/2014,06/01/2017,Lateral Move > New Job > Same Level,Analyst I,Senior Analyst,Senior Professional,Senior Professional,116867.43,115958.55,Engineering,Engineering,10,10,0,0,Female,Non-Minority,38,1529,1004,Yes,Non-Minority
E00032,Skyler Clark,09/22/2014,10/18/2017,Promotion > New Job > Higher Level,Senior Analyst,Manager,Senior Professional,Manager,115958.55,126300.65,Engineering,Engineering,10,11,0,1,Female,Non-Minority,38,550,1170,No,Non-Minority
E00385,Peyton Harris,07/01/2022,12/23/2023,Promotion > New Job > Higher Level,Director,Administrator,Professional,Senior Professional,65296.19,78035.6,Customer Service,Customer Service,5,6,0,0,Female,Minority,62,495,1105,Yes,Minority
E00379,Charlie Moore,12/06/2012,06/20/2014,Lateral Move > New Job > Same Level,Manager,Senior Director,Manager,Manager,145442.21,144955.9,Product,Product,17,17,1,1,Male,Non-Minority,24,522,521,Yes,Non-Minority
E00379,Charlie Moore,12/06/2012,07/20/2015,Lateral Move > New Job > Same Level,Senior Director,Senior Director,Manager,Manager,144955.9,149508.28,Product,Product,17,17,1,1,Male,Non-Minority,24,721,327,No,Non-Minority
E00379,Charlie Moore,12/06/2012,03/23/2014,Demotion > New Job > Lower Level,Senior Director,Senior Associate,Manager,Senior Professional,149508.28,130339.53,Product,Product,17,16,1,0,Male,Non-Minority,24,1155,1180,Yes,Non-Minority
E00379,Charlie Moore,12/06/2012,03/29/2015,Promotion > New Job > Higher Level,Senior Associate,Senior Associate,Senior Professional,Manager,130339.53,150219.76,Product,Product,16,17,0,1,Male,Non-Minority,24,477,1176,Yes,Non-Minority
E00104,Drew Scott,05/02/2018,05/08/2019,Promotion > New Job > Higher Level,Director,Senior Director,Director,VP,105432.59,125368.14,Product,Product,10,12,1,1,Female,Non-Minority,36,826,1175,Yes,Non-Minority
E00104,Drew Scott,05/02/2018,03/31/2021,Promotion > New Job > Higher Level,Senior Director,Specialist,VP,VP,125368.14,133467.5,Product,Product,12,13,1,1,Female,Non-Minority,36,1064,1340,Yes,Non-Minority
E00104,Drew Scott,05/02/2018,11/10/2020,Promotion > New Job > Higher Level,Specialist,Senior Associate,VP,VP,133467.5,145552.84,Product,Product,13,15,1,1,Female,Non-Minority,36,1520,1286,No,Non-Minority
E00104,Drew Scott,05/02/2018,07/11/2021,Lateral Move > New Job > Same Level,Senior Associate,Associate,VP,VP,145552.84,147339.88,Product,Product,15,15,1,1,Female,Non-Minority,36,1683,1466,Yes,Non-Minority
E00207,Elliot White,05/13/2023,08/19/2024,Promotion > New Job > Higher Level,Analyst II,Specialist,Entry,Professional,99237.11,114287.18,Customer Service,Customer Service,10,12,0,0,Female,Non-Minority,25,1301,111,Yes,Non-Minority
E00263,Morgan Garcia,01/09/2017,02/12/2018,Lateral Move > New Job > Same Level,Specialist,Senior Director,Senior Professional,Senior Professional,77293.34,75812.19,Human Resources,Human Resources,8,8,0,0,Male,Minority,31,1093,809,Yes,Minority
E00101,Rowan Lee,07/03/2014,11/25/2015,Lateral Move > New Job > Same Level,Consultant,Analyst II,Senior Professional,Senior Professional,136076.51,135754.38,Marketing,IT,13,13,0,0,Female,Non-Minority,39,296,1306,Yes,Non-Minority
E00101,Rowan Lee,07/03/2014,05/05/2017,Lateral Move > New Job > Same Level,Analyst II,Senior Director,Senior Professional,Senior Professional,135754.38,141534.49,IT,IT,13,13,0,0,Female,Non-Minority,39,429,335,Yes,Non-Minority
E00033,Jordan Smith,02/21/2011,12/26/2012,Lateral Move > New Job > Same Level,Specialist,Consultant,Senior Professional,Senior Professional,125645.27,124274.92,Human Resources,Human Resources,11,11,0,0,Male,Non-Minority,30,1506,1249,Yes,Non-Minority
E00208,Morgan Lewis,05/12/2013,07/07/2014,Lateral Move > New Job > Same Level,Associate,Senior Director,Senior Professional,Senior Professional,111702.27,114907.65,Risk Management,Product,13,13,0,0,Male,Non-Minority,59,335,1398,Yes,Non-Minority
E00208,Morgan Lewis,05/12/2013,08/19/2015,Lateral Move > New Job > Same Level,Senior Director,VP,Senior Professional,Senior Professional,114907.65,120031.23,Product,Legal,13,13,0,0,Male,Non-Minority,59,1547,752,No,Non-Minority
E00394,Parker Harris,02/27/2020,05/19/2021,Promotion > New Job > Higher Level,VP,Specialist,Entry,Professional,76255.15,83239.6,Communications,Legal,7,8,0,0,Male,Non-Minority,54,303,618,No,Non-Minority
E00394,Parker Harris,02/27/2020,11/24/2021,Promotion > New Job > Higher Level,Specialist,Consultant,Professional,Senior Professional,83239.6,92902.57,Legal,Legal,8,9,0,0,Male,Non-Minority,54,590,1339,Yes,Non-Minority
E00394,Parker Harris,02/27/2020,05/11/2023,Promotion > New Job > Higher Level,Consultant,Coordinator,Senior Professional,Manager,92902.57,106542.76,Legal,Customer Service,9,10,0,1,Male,Non-Minority,54,1063,537,Yes,Non-Minority
E00063,River Lewis,12/11/2011,11/04/2013,Lateral Move > New Job > Same Level,Senior Specialist,Senior Associate,VP,VP,136537.76,134822.5,Sales,Sales,17,17,1,1,Female,Minority,43,391,161,Yes,Minority
E00063,River Lewis,12/11/2011,02/22/2013,Promotion > New Job > Higher Level,Senior Associate,Analyst I,VP,VP,134822.5,153118.14,Sales,Product,17,17,1,1,Female,Minority,43,1199,394,Yes,Minority
E00063,River Lewis,12/11/2011,12/11/2012,Lateral Move > New Job > Same Level,Analyst I,Senior Associate,VP,VP,153118.14,160054.78,Product,Product,17,17,1,1,Female,Minority,43,490,765,No,Minority
E00063,River Lewis,12/11/2011,02/19/2015,Promotion > New Job > Higher Level,Senior Associate,Manager,VP,VP,160054.78,180430.95,Product,Product,17,17,1,1,Female,Minority,43,1159,983,No,Minority
E00063,River Lewis,12/11/2011,03/17/2015,Promotion > New Job > Higher Level,Manager,Administrator,VP,VP,180430.95,204070.89,Product,Supply Chain,17,17,1,1,Female,Minority,43,1777,1077,Yes,Minority
E00012,Hayden Thomas,08/03/2013,05/20/2015,Lateral Move > New Job > Same Level,Director,Specialist,Manager,Manager,153494.77,156176.52,Communications,Communications,16,16,1,1,Female,Minority,51,1576,710,Yes,Minority
E00142,Logan Young,05/14/2017,06/11/2018,Promotion > New Job > Higher Level,VP,Specialist,Entry,Professional,68773.01,75980.65,Risk Management,Risk Management,7,8,0,0,Female,Non-Minority,65,344,1031,Yes,Non-Minority
E00142,Logan Young,05/14/2017,03/06/2019,Lateral Move > New Job > Same Level,Specialist,Senior Specialist,Professional,Professional,75980.65,77906.42,Risk Management,Finance,8,8,0,0,Female,Non-Minority,65,1533,481,No,Non-Minority
E00142,Logan Young,05/14/2017,01/16/2020,Promotion > New Job > Higher Level,Senior Specialist,Specialist,Professional,Senior Professional,77906.42,92277.75,Finance,Finance,8,10,0,0,Female,Non-Minority,65,1176,263,Yes,Non-Minority
E00142,Logan Young,05/14/2017,11/29/2021,Promotion > New Job > Higher Level,Specialist,Analyst I,Senior Professional,Manager,92277.75,107069.75,Finance,Sales,10,12,0,1,Female,Non-Minority,65,1654,1304,Yes,Non-Minority
E00369,Jamie Martin,12/19/2019,08/25/2021,Promotion > New Job > Higher Level,VP,Senior Associate,Senior Professional,Manager,68400.12,72466.43,Legal,Legal,6,8,0,1,Male,Non-Minority,31,1203,1183,Yes,Non-Minority
E00369,Jamie Martin,12/19/2019,03/23/2022,Promotion > New Job > Higher Level,Senior Associate,VP,Manager,Senior Manager,72466.43,76492.4,Legal,Communications,8,9,1,1,Male,Non-Minority,31,267,920,Yes,Non-Minority
E00265,Jordan King,03/13/2014,06/29/2015,Promotion > New Job > Higher Level,Specialist,Senior Manager,Entry,Professional,99260.71,118220.84,Operations,Operations,12,14,0,0,Male,Minority,22,485,1276,Yes,Minority
E00272,Marley Brown,07/25/2016,08/30/2017,Demotion > New Job > Lower Level,Senior Analyst,Analyst I,Entry,Entry,109612.18,93695.84,Risk Management,Research,13,12,0,0,Female,Non-Minority,48,1145,1356,Yes,Non-Minority
E00272,Marley Brown,07/25/2016,09/09/2017,Promotion > New Job > Higher Level,Analyst I,Senior Director,Entry,Professional,93695.84,108236.92,Research,Marketing,12,13,0,0,Female,Non-Minority,48,282,719,Yes,Non-Minority
E00023,Peyton King,08/09/2015,03/29/2017,Promotion > New Job > Higher Level,Administrator,Analyst II,Professional,Senior Professional,77316.02,90869.74,Risk Management,Risk Management,6,7,0,0,Male,Non-Minority,57,413,1108,Yes,Non-Minority
E00050,Charlie Thompson,05/29/2016,04/09/2018,Promotion > New Job > Higher Level,Analyst II,Coordinator,Entry,Professional,106858.04,113212.52,Sales,Operations,9,10,0,0,Male,Non-Minority,30,1691,1479,Yes,Non-Minority
E00050,Charlie Thompson,05/29/2016,07/14/2018,Promotion > New Job > Higher Level,Coordinator,Senior Manager,Professional,Senior Professional,113212.52,120924.6,Operations,Operations,10,12,0,0,Male,Non-Minority,30,461,748,Yes,Non-Minority
E00050,Charlie Thompson,05/29/2016,08/08/2018,Promotion > New Job > Higher Level,Senior Manager,Analyst II,Senior Professional,Manager,120924.6,137728.62,Operations,Operations,12,13,0,1,Male,Non-Minority,30,740,379,No,Non-Minority
E00050,Charlie Thompson,05/29/2016,09/26/2019,Promotion > New Job > Higher Level,Analyst II,Manager,Manager,Senior Manager,137728.62,159000.03,Operations,Operations,13,14,1,1,Male,Non-Minority,30,678,1281,Yes,Non-Minority
E00050,Charlie Thompson,05/29/2016,08/20/2017,Promotion > New Job > Higher Level,Manager,Director,Senior Manager,Director,159000.03,169334.27,Operations,Operations,14,15,1,1,Male,Non-Minority,30,950,413,Yes,Non-Minority
E00041,Drew Lewis,06/03/2014,02/07/2016,Lateral Move > New Job > Same Level,Administrator,VP,Manager,Manager,139900.44,137892.95,Human Resources,Human Resources,15,15,1,1,Male,Minority,29,1514,1305,Yes,Minority
E00472,Kendall Thomas,08/12/2020,03/13/2022,Lateral Move > New Job > Same Level,Senior Manager,Manager,Entry,Entry,76894.62,79089.6,Customer Service,Customer Service,5,5,0,0,Female,Minority,27,1597,349,Yes,Minority
E00472,Kendall Thomas,08/12/2020,03/11/2022,Promotion > New Job > Higher Level,Manager,Senior Specialist,Entry,Professional,79089.6,90634.61,Customer Service,Customer Service,5,6,0,0,Female,Minority,27,669,447,Yes,Minority
E00472,Kendall Thomas,08/12/2020,10/28/2021,Promotion > New Job > Higher Level,Senior Specialist,Analyst II,Professional,Senior Professional,90634.61,104916.79,Customer Service,Customer Service,6,7,0,0,Female,Minority,27,1464,706,Yes,Minority
E00366,Blake Hall,09/23/2019,04/24/2021,Promotion > New Job > Higher Level,Associate,Analyst II,Senior Manager,Director,128968.68,146206.19,Research,Customer Service,12,13,1,1,Male,Minority,32,1447,831,Yes,Minority
E00366,Blake Hall,09/23/2019,03/28/2022,Promotion > New Job > Higher Level,Analyst II,Associate,Director,VP,146206.19,163697.19,Customer Service,Customer Service,13,14,1,1,Male,Minority,32,746,198,No,Minority
E00366,Blake Hall,09/23/2019,10/23/2021,Promotion > New Job > Higher Level,Associate,Consultant,VP,VP,163697.19,191442.55,Customer Service,Customer Service,14,15,1,1,Male,Minority,32,1151,1108,No,Minority
E00221,Avery Rodriguez,05/06/2019,07/25/2020,Promotion > New Job > Higher Level,Associate,Associate,Senior Professional,Manager,133610.43,141373.75,Customer Service,Customer Service,13,14,0,1,Female,Non-Minority,43,1070,604,Yes,Non-Minority
E00221,Avery Rodriguez,05/06/2019,04/12/2021,Promotion > New Job > Higher Level,Associate,Consultant,Manager,Senior Manager,141373.75,149361.03,Customer Service,Customer Service,14,16,1,1,Female,Non-Minority,43,1280,450,No,Non-Minority
E00460,Morgan Anderson,04/26/2020,05/10/2021,Promotion > New Job > Higher Level,Specialist,VP,Professional,Senior Professional,88468.49,99724.83,Finance,Sales,8,10,0,0,Male,Non-Minority,61,1090,1303,Yes,Non-Minority
E00460,Morgan Anderson,04/26/2020,12/10/2022,Promotion > New Job > Higher Level,VP,Consultant,Senior Professional,Manager,99724.83,110979.77,Sales,Sales,10,12,0,1,Male,Non-Minority,61,847,561,Yes,Non-Minority
E00083,Elliot Martinez,02/27/2011,08/11/2012,Promotion > New Job > Higher Level,Manager,Administrator,Senior Professional,Manager,89043.94,94805.94,Sales,Sales,9,10,0,1,Male,Minority,53,589,859,No,Minority
E00365,Marley Johnson,03/16/2023,04/21/2024,Demotion > New Job > Lower Level,Senior Associate,Consultant,Senior Manager,Manager,100868.59,91914.36,Engineering,Engineering,12,11,1,1,Female,Minority,40,1072,386,Yes,Minority
E00365,Marley Johnson,03/16/2023,10/22/2024,Demotion > New Job > Lower Level,Consultant,Senior Specialist,Manager,Senior Professional,91914.36,89214.41,Engineering,Engineering,11,10,1,0,Female,Minority,40,944,369,Yes,Minority
E00264,Cameron Thompson,11/22/2022,02/29/2024,Promotion > New Job > Higher Level,VP,Analyst I,Manager,Senior Manager,128870.9,154172.56,Legal,Marketing,16,17,1,1,Male,Minority,63,1597,1254,Yes,Minority
E00264,Cameron Thompson,11/22/2022,01/22/2024,Lateral Move > New Job > Same Level,Analyst I,Manager,Senior Manager,Senior Manager,154172.56,154117.41,Marketing,Product,17,17,1,1,Male,Minority,63,1036,440,No,Minority
E00282,Skyler Jones,01/28/2013,06/28/2014,Promotion > New Job > Higher Level,Analyst II,Director,Professional,Senior Professional,74368.29,86894.29,Legal,Legal,7,8,0,0,Male,Minority,55,528,1273,Yes,Minority
E00282,Skyler Jones,01/28/2013,08/17/2015,Promotion > New Job > Higher Level,Director,Manager,Senior Professional,Manager,86894.29,92366.12,Legal,Legal,8,9,0,1,Male,Minority,55,623,1301,Yes,Minority
E00234,Addison Clark,01/25/2015,09/17/2016,Promotion > New Job > Higher Level,Coordinator,Administrator,Entry,Professional,85857.36,90337.02,Engineering,Engineering,6,8,0,0,Female,Minority,24,685,597,No,Minority
E00234,Addison Clark,01/25/2015,12/25/2016,Lateral Move > New Job > Same Level,Administrator,Senior Analyst,Professional,Professional,90337.02,91276.29,Engineering,IT,8,8,0,0,Female,Minority,24,1354,100,Yes,Minority
E00234,Addison Clark,01/25/2015,05/29/2018,Promotion > New Job > Higher Level,Senior Analyst,Coordinator,Professional,Senior Professional,91276.29,96388.57,IT,IT,8,9,0,0,Female,Minority,24,1212,158,Yes,Minority
E00234,Addison Clark,01/25/2015,06/14/2018,Promotion > New Job > Higher Level,Coordinator,Administrator,Senior Professional,Manager,96388.57,108137.41,IT,IT,9,11,0,1,Female,Minority,24,380,1016,Yes,Minority
E00059,Logan Miller,12/30/2016,05/02/2018,Promotion > New Job > Higher Level,Analyst II,Senior Specialist,Entry,Professional,103438.37,117275.64,IT,Supply Chain,11,12,0,0,Female,Non-Minority,59,626,361,Yes,Non-Minority
E00059,Logan Miller,12/30/2016,01/01/2019,Promotion > New Job > Higher Level,Senior Specialist,Analyst I,Professional,Senior Professional,117275.64,127344.85,Supply Chain,Supply Chain,12,14,0,0,Female,Non-Minority,59,1162,1460,Yes,Non-Minority
E00059,Logan Miller,12/30/2016,09/15/2019,Promotion > New Job > Higher Level,Analyst I,VP,Senior Professional,Manager,127344.85,147146.42,Supply Chain,Supply Chain,14,15,0,1,Female,Non-Minority,59,1375,139,Yes,Non-Minority
E00059,Logan Miller,12/30/2016,07/18/2020,Promotion > New Job > Higher Level,VP,Senior Specialist,Manager,Senior Manager,147146.42,171539.65,Supply Chain,Supply Chain,15,17,1,1,Female,Non-Minority,59,558,848,No,Non-Minority
E00284,Sydney Thomas,04/03/2012,11/26/2013,Lateral Move > New Job > Same Level,Specialist,Analyst II,Manager,Manager,106176.25,109284.36,Marketing,Research,11,11,1,1,Female,Non-Minority,49,968,771,No,Non-Minority
E00284,Sydney Thomas,04/03/2012,09/28/2014,Promotion > New Job > Higher Level,Analyst II,VP,Manager,Senior Manager,109284.36,119610.47,Research,Research,11,12,1,1,Female,Non-Minority,49,1434,1200,Yes,Non-Minority
E00284,Sydney Thomas,04/03/2012,06/01/2014,Promotion > New Job > Higher Level,VP,Consultant,Senior Manager,Director,119610.47,136722.93,Research,Research,12,13,1,1,Female,Non-Minority,49,292,1144,No,Non-Minority
E00284,Sydney Thomas,04/03/2012,01/13/2017,Lateral Move > New Job > Same Level,Consultant,Specialist,Director,Director,136722.93,137472.08,Research,Legal,13,13,1,1,Female,Non-Minority,49,1133,1357,Yes,Non-Minority
E00284,Sydney Thomas,04/03/2012,06/25/2013,Promotion > New Job > Higher Level,Specialist,VP,Director,VP,137472.08,151901.83,Legal,Legal,13,15,1,1,Female,Non-Minority,49,317,1238,Yes,Non-Minority
E00284,Sydney Thomas,04/03/2012,07/20/2015,Lateral Move > New Job > Same Level,VP,Senior Manager,VP,VP,151901.83,150335.48,Legal,Legal,15,15,1,1,Female,Non-Minority,49,412,1419,No,Non-Minority
E00452,Kendall Davis,12/07/2019,03/23/2021,Promotion > New Job > Higher Level,Coordinator,Senior Manager,Entry,Professional,113460.08,124587.06,Legal,Legal,14,15,0,0,Male,Non-Minority,43,1573,956,Yes,Non-Minority
E00452,Kendall Davis,12/07/2019,09/15/2021,Promotion > New Job > Higher Level,Senior Manager,Manager,Professional,Senior Professional,124587.06,132000.66,Legal,Legal,15,16,0,0,Male,Non-Minority,43,1206,1168,Yes,Non-Minority
E00452,Kendall Davis,12/07/2019,08/14/2021,Promotion > New Job > Higher Level,Manager,Senior Manager,Senior Professional,Manager,132000.66,152655.3,Legal,Legal,16,17,0,1,Male,Non-Minority,43,778,1015,Yes,Non-Minority
E00452,Kendall Davis,12/07/2019,05/30/2024,Lateral Move > New Job > Same Level,Senior Manager,VP,Manager,Manager,152655.3,153536.15,Legal,Legal,17,17,1,1,Male,Non-Minority,43,314,475,Yes,Non-Minority
E00368,Jordan Lewis,12/29/2021,02/11/2023,Promotion > New Job > Higher Level,Analyst II,Analyst II,Professional,Senior Professional,58945.0,65346.57,IT,Human Resources,5,6,0,0,Female,Minority,63,517,655,No,Minority
E00368,Jordan Lewis,12/29/2021,04/22/2023,Promotion > New Job > Higher Level,Analyst II,Senior Manager,Senior Professional,Manager,65346.57,73478.91,Human Resources,Human Resources,6,7,0,1,Female,Minority,63,1464,136,Yes,Minority
E00368,Jordan Lewis,12/29/2021,08/20/2024,Promotion > New Job > Higher Level,Senior Manager,Senior Analyst,Manager,Senior Manager,73478.91,87839.35,Human Resources,Human Resources,7,9,1,1,Female,Minority,63,1150,800,Yes,Minority
E00490,Finley Davis,01/11/2022,12/07/2023,Promotion > New Job > Higher Level,Specialist,Coordinator,Professional,Senior Professional,80233.3,87753.37,Communications,Risk Management,6,7,0,0,Female,Non-Minority,57,655,1154,Yes,Non-Minority
E00490,Finley Davis,01/11/2022,11/01/2024,Promotion > New Job > Higher Level,Coordinator,Senior Director,Senior Professional,Manager,87753.37,97560.14,Risk Management,Risk Management,7,9,0,1,Female,Non-Minority,57,1791,758,No,Non-Minority
E00228,Peyton Taylor,01/01/2021,12/07/2022,Promotion > New Job > Higher Level,Senior Analyst,Consultant,Professional,Senior Professional,78144.91,87420.79,Product,Product,7,9,0,0,Female,Non-Minority,30,1796,717,Yes,Non-Minority
E00228,Peyton Taylor,01/01/2021,06/25/2022,Promotion > New Job > Higher Level,Consultant,Senior Associate,Senior Professional,Manager,87420.79,94765.65,Product,Product,9,11,0,1,Female,Non-Minority,30,1756,186,Yes,Non-Minority
E00228,Peyton Taylor,01/01/2021,10/31/2022,Promotion > New Job > Higher Level,Senior Associate,Director,Manager,Senior Manager,94765.65,103546.38,Product,Product,11,13,1,1,Female,Non-Minority,30,509,1186,No,Non-Minority
E00228,Peyton Taylor,01/01/2021,08/08/2023,Promotion > New Job > Higher Level,Director,VP,Senior Manager,Director,103546.38,123839.49,Product,Product,13,14,1,1,Female,Non-Minority,30,1544,404,Yes,Non-Minority
E00228,Peyton Taylor,01/01/2021,11/27/2022,Promotion > New Job > Higher Level,VP,Director,Director,VP,123839.49,132203.31,Product,Product,14,15,1,1,Female,Non-Minority,30,439,992,Yes,Non-Minority
E00096,Charlie Martinez,05/05/2020,11/10/2021,Promotion > New Job > Higher Level,Senior Director,Senior Director,Entry,Professional,69042.6,74619.4,Engineering,Engineering,5,6,0,0,Female,Minority,56,829,794,Yes,Minority
E00096,Charlie Martinez,05/05/2020,10/03/2021,Promotion > New Job > Higher Level,Senior Director,Senior Manager,Professional,Senior Professional,74619.4,83369.6,Engineering,Engineering,6,8,0,0,Female,Minority,56,797,338,Yes,Minority
E00096,Charlie Martinez,05/05/2020,06/25/2021,Promotion > New Job > Higher Level,Senior Manager,Manager,Senior Professional,Manager,83369.6,99181.51,Engineering,Engineering,8,10,0,1,Female,Minority,56,835,409,No,Minority
E00364,Sydney Davis,11/29/2021,09/04/2023,Promotion > New Job > Higher Level,Associate,Coordinator,Senior Professional,Manager,62633.67,71846.24,Research,Engineering,5,7,0,1,Male,Non-Minority,44,1354,1455,No,Non-Minority
E00213,Alex Martinez,12/30/2014,10/14/2016,Lateral Move > New Job > Same Level,Manager,Specialist,Manager,Manager,103747.91,106963.89,Risk Management,Risk Management,10,10,1,1,Male,Non-Minority,65,1591,320,Yes,Non-Minority
E00213,Alex Martinez,12/30/2014,05/03/2017,Promotion > New Job > Higher Level,Specialist,Senior Associate,Manager,Senior Manager,106963.89,114549.07,Risk Management,Risk Management,10,11,1,1,Male,Non-Minority,65,230,912,Yes,Non-Minority
E00429,Cameron Wright,11/25/2013,03/17/2015,Lateral Move > New Job > Same Level,Administrator,Director,Professional,Professional,97356.61,98448.77,Legal,Finance,11,11,0,0,Female,Non-Minority,26,1493,489,Yes,Non-Minority
E00429,Cameron Wright,11/25/2013,07/14/2016,Lateral Move > New Job > Same Level,Director,Coordinator,Professional,Professional,98448.77,100107.67,Finance,Finance,11,11,0,0,Female,Non-Minority,26,749,490,No,Non-Minority
E00429,Cameron Wright,11/25/2013,01/10/2015,Lateral Move > New Job > Same Level,Coordinator,Senior Director,Professional,Professional,100107.67,98691.27,Finance,Finance,11,11,0,0,Female,Non-Minority,26,1555,268,Yes,Non-Minority
E00429,Cameron Wright,11/25/2013,10/08/2017,Promotion > New Job > Higher Level,Senior Director,Director,Professional,Senior Professional,98691.27,106504.41,Finance,Finance,11,13,0,0,Female,Non-Minority,26,1227,204,No,Non-Minority
E00429,Cameron Wright,11/25/2013,08/21/2018,Promotion > New Job > Higher Level,Director,Senior Specialist,Senior Professional,Manager,106504.41,118180.88,Finance,Finance,13,15,0,1,Female,Non-Minority,26,937,880,Yes,Non-Minority
E00330,Emery Rodriguez,04/06/2014,04/12/2015,Lateral Move > New Job > Same Level,Senior Director,Manager,Senior Professional,Senior Professional,110212.88,110204.67,Legal,Legal,13,13,0,0,Female,Non-Minority,40,1328,269,Yes,Non-Minority
E00330,Emery Rodriguez,04/06/2014,11/12/2015,Demotion > New Job > Lower Level,Manager,Senior Specialist,Senior Professional,Professional,110204.67,104101.64,Legal,Legal,13,12,0,0,Female,Non-Minority,40,1086,681,Yes,Non-Minority
E00330,Emery Rodriguez,04/06/2014,03/06/2016,Promotion > New Job > Higher Level,Senior Specialist,Administrator,Professional,Senior Professional,104101.64,120684.08,Legal,Legal,12,14,0,0,Female,Non-Minority,40,1382,1314,No,Non-Minority
E00455,Sydney Lewis,11/26/2014,02/07/2016,Promotion > New Job > Higher Level,Consultant,Senior Manager,Professional,Senior Professional,81335.05,89101.3,IT,IT,9,10,0,0,Male,Minority,34,866,225,Yes,Minority
E00401,Kendall Walker,03/14/2023,09/21/2024,Promotion > New Job > Higher Level,Associate,Senior Associate,Professional,Senior Professional,114843.65,120699.85,Supply Chain,Supply Chain,14,15,0,0,Male,Non-Minority,40,1028,448,Yes,Non-Minority
E00377,Casey Robinson,06/17/2019,06/14/2021,Promotion > New Job > Higher Level,VP,Senior Associate,Professional,Senior Professional,79186.57,85512.68,Research,Research,7,8,0,0,Female,Non-Minority,25,1314,1094,Yes,Non-Minority
E00377,Casey Robinson,06/17/2019,07/29/2020,Promotion > New Job > Higher Level,Senior Associate,Senior Manager,Senior Professional,Manager,85512.68,100493.46,Research,Research,8,10,0,1,Female,Non-Minority,25,1695,1039,Yes,Non-Minority
E00377,Casey Robinson,06/17/2019,09/18/2021,Lateral Move > New Job > Same Level,Senior Manager,Senior Associate,Manager,Manager,100493.46,98672.4,Research,Engineering,10,10,1,1,Female,Non-Minority,25,1491,1393,No,Non-Minority
E00377,Casey Robinson,06/17/2019,02/08/2023,Promotion > New Job > Higher Level,Senior Associate,Senior Specialist,Manager,Senior Manager,98672.4,113283.01,Engineering,Engineering,10,11,1,1,Female,Non-Minority,25,547,1097,Yes,Non-Minority
E00197,Parker Clark,08/05/2020,07/01/2022,Promotion > New Job > Higher Level,Consultant,Manager,Senior Professional,Manager,105808.61,111550.46,Finance,Finance,13,14,0,1,Male,Non-Minority,52,316,1316,Yes,Non-Minority
E00197,Parker Clark,08/05/2020,08/10/2022,Lateral Move > New Job > Same Level,Manager,Administrator,Manager,Manager,111550.46,113856.72,Finance,Finance,14,14,1,1,Male,Non-Minority,52,708,1376,Yes,Non-Minority
E00197,Parker Clark,08/05/2020,04/05/2024,Promotion > New Job > Higher Level,Administrator,Analyst I,Manager,Senior Manager,113856.72,125923.29,Finance,Finance,14,15,1,1,Male,Non-Minority,52,711,423,Yes,Non-Minority
E00197,Parker Clark,08/05/2020,11/08/2024,Promotion > New Job > Higher Level,Analyst I,VP,Senior Manager,Director,125923.29,134979.76,Finance,Finance,15,16,1,1,Male,Non-Minority,52,457,821,Yes,Non-Minority
E00197,Parker Clark,08/05/2020,07/05/2022,Promotion > New Job > Higher Level,VP,Consultant,Director,VP,134979.76,147249.49,Finance,Finance,16,17,1,1,Male,Non-Minority,52,909,189,No,Non-Minority
E00197,Parker Clark,08/05/2020,11/04/2024,Lateral Move > New Job > Same Level,Consultant,Analyst II,VP,VP,147249.49,147310.82,Finance,Finance,17,17,1,1,Male,Non-Minority,52,1232,486,Yes,Non-Minority
E00361,Riley Anderson,10/25/2011,01/25/2013,Promotion > New Job > Higher Level,Senior Director,Administrator,Professional,Senior Professional,93251.93,106289.89,Product,Operations,10,11,0,0,Male,Non-Minority,25,827,1492,No,Non-Minority
E00361,Riley Anderson,10/25/2011,08/28/2013,Promotion > New Job > Higher Level,Administrator,Analyst II,Senior Professional,Manager,106289.89,122532.75,Operations,Operations,11,13,0,1,Male,Non-Minority,25,1274,1277,Yes,Non-Minority
E00361,Riley Anderson,10/25/2011,10/14/2014,Promotion > New Job > Higher Level,Analyst II,Specialist,Manager,Senior Manager,122532.75,128896.45,Operations,Operations,13,14,1,1,Male,Non-Minority,25,1774,1083,No,Non-Minority
E00361,Riley Anderson,10/25/2011,02/14/2015,Lateral Move > New Job > Same Level,Specialist,Analyst II,Senior Manager,Senior Manager,128896.45,129389.08,Operations,Operations,14,14,1,1,Male,Non-Minority,25,626,406,Yes,Non-Minority
E00361,Riley Anderson,10/25/2011,08/20/2015,Lateral Move > New Job > Same Level,Analyst II,Director,Senior Manager,Senior Manager,129389.08,128803.98,Operations,Customer Service,14,14,1,1,Male,Non-Minority,25,1592,1166,No,Non-Minority
E00361,Riley Anderson,10/25/2011,10/12/2018,Demotion > New Job > Lower Level,Director,Coordinator,Senior Manager,Manager,128803.98,121414.64,Customer Service,Customer Service,14,13,1,1,Male,Non-Minority,25,413,944,Yes,Non-Minority
E00183,Emery Martinez,10/16/2022,11/24/2023,Promotion > New Job > Higher Level,Analyst II,Manager,Professional,Senior Professional,78569.79,92148.75,Customer Service,Customer Service,8,9,0,0,Male,Non-Minority,46,893,728,Yes,Non-Minority
E00421,Marley Taylor,12/20/2014,02/29/2016,Lateral Move > New Job > Same Level,Senior Analyst,Director,Professional,Professional,123693.91,128294.42,Supply Chain,Supply Chain,11,11,0,0,Male,Non-Minority,65,1251,790,Yes,Non-Minority
E00421,Marley Taylor,12/20/2014,06/13/2016,Promotion > New Job > Higher Level,Director,Associate,Professional,Senior Professional,128294.42,135262.59,Supply Chain,Supply Chain,11,13,0,0,Male,Non-Minority,65,443,381,Yes,Non-Minority
E00421,Marley Taylor,12/20/2014,03/28/2017,Lateral Move > New Job > Same Level,Associate,Senior Specialist,Senior Professional,Senior Professional,135262.59,135468.19,Supply Chain,Human Resources,13,13,0,0,Male,Non-Minority,65,1594,318,Yes,Non-Minority
E00081,Dakota Williams,12/25/2018,01/03/2020,Promotion > New Job > Higher Level,Specialist,Analyst I,Professional,Senior Professional,113154.34,131666.4,Risk Management,Human Resources,13,15,0,0,Female,Minority,38,1531,1141,Yes,Minority
E00477,Alex Hall,01/12/2021,02/11/2022,Promotion > New Job > Higher Level,Senior Specialist,Senior Associate,Professional,Senior Professional,108966.54,116358.65,Communications,Human Resources,12,14,0,0,Male,Non-Minority,40,1547,111,Yes,Non-Minority
E00477,Alex Hall,01/12/2021,04/20/2022,Promotion > New Job > Higher Level,Senior Associate,Senior Analyst,Senior Professional,Manager,116358.65,138235.79,Human Resources,Sales,14,15,0,1,Male,Non-Minority,40,1553,809,Yes,Non-Minority
E00477,Alex Hall,01/12/2021,03/12/2022,Lateral Move > New Job > Same Level,Senior Analyst,Senior Associate,Manager,Manager,138235.79,136349.5,Sales,Sales,15,15,1,1,Male,Non-Minority,40,1367,802,Yes,Non-Minority
E00477,Alex Hall,01/12/2021,01/03/2024,Lateral Move > New Job > Same Level,Senior Associate,VP,Manager,Manager,136349.5,135154.94,Sales,Sales,15,15,1,1,Male,Non-Minority,40,1435,585,Yes,Non-Minority
E00477,Alex Hall,01/12/2021,11/11/2024,Promotion > New Job > Higher Level,VP,Analyst I,Manager,Senior Manager,135154.94,143921.88,Sales,Sales,15,16,1,1,Male,Non-Minority,40,1263,534,No,Non-Minority
E00065,Emery Hall,12/03/2011,03/10/2013,Promotion > New Job > Higher Level,Associate,Analyst I,Entry,Professional,100048.31,107628.57,Sales,Sales,11,13,0,0,Female,Non-Minority,52,1665,292,No,Non-Minority
E00065,Emery Hall,12/03/2011,07/09/2013,Lateral Move > New Job > Same Level,Analyst I,Manager,Professional,Professional,107628.57,112410.87,Sales,Sales,13,13,0,0,Female,Non-Minority,52,930,1297,Yes,Non-Minority
E00065,Emery Hall,12/03/2011,12/16/2013,Demotion > New Job > Lower Level,Manager,Senior Analyst,Professional,Entry,112410.87,101974.26,Sales,Sales,13,12,0,0,Female,Non-Minority,52,906,867,Yes,Non-Minority
E00065,Emery Hall,12/03/2011,04/19/2015,Promotion > New Job > Higher Level,Senior Analyst,Coordinator,Entry,Professional,101974.26,114939.03,Sales,Sales,12,13,0,0,Female,Non-Minority,52,823,343,Yes,Non-Minority
E00065,Emery Hall,12/03/2011,07/14/2015,Promotion > New Job > Higher Level,Coordinator,Specialist,Professional,Senior Professional,114939.03,129646.53,Sales,Sales,13,14,0,0,Female,Non-Minority,52,1623,680,No,Non-Minority
E00065,Emery Hall,12/03/2011,05/17/2013,Promotion > New Job > Higher Level,Specialist,Manager,Senior Professional,Manager,129646.53,142509.71,Sales,Engineering,14,15,0,1,Female,Non-Minority,52,1409,728,Yes,Non-Minority
E00275,Addison Walker,04/12/2018,11/25/2019,Promotion > New Job > Higher Level,Analyst II,Senior Specialist,Manager,Senior Manager,114974.31,130275.94,Operations,Risk Management,10,11,1,1,Female,Non-Minority,51,566,232,Yes,Non-Minority
E00275,Addison Walker,04/12/2018,08/11/2020,Promotion > New Job > Higher Level,Senior Specialist,Manager,Senior Manager,Director,130275.94,140293.46,Risk Management,Risk Management,11,13,1,1,Female,Non-Minority,51,1556,305,Yes,Non-Minority
E00275,Addison Walker,04/12/2018,07/01/2021,Lateral Move > New Job > Same Level,Manager,Analyst II,Director,Director,140293.46,141789.56,Risk Management,Risk Management,13,13,1,1,Female,Non-Minority,51,424,383,Yes,Non-Minority
E00275,Addison Walker,04/12/2018,06/28/2021,Lateral Move > New Job > Same Level,Analyst II,Analyst II,Director,Director,141789.56,142930.07,Risk Management,Risk Management,13,13,1,1,Female,Non-Minority,51,1698,435,Yes,Non-Minority
E00275,Addison Walker,04/12/2018,08/22/2019,Lateral Move > New Job > Same Level,Analyst II,Director,Director,Director,142930.07,143710.43,Risk Management,Sales,13,13,1,1,Female,Non-Minority,51,1007,341,Yes,Non-Minority
E00275,Addison Walker,04/12/2018,11/20/2021,Promotion > New Job > Higher Level,Director,Coordinator,Director,VP,143710.43,166528.78,Sales,Supply Chain,13,15,1,1,Female,Non-Minority,51,1371,1305,Yes,Non-Minority
E00390,Elliot Clark,06/01/2012,04/26/2014,Lateral Move > New Job > Same Level,Administrator,Senior Director,Senior Professional,Senior Professional,95731.22,100137.32,Communications,Communications,11,11,0,0,Male,Minority,65,1415,918,Yes,Minority
E00390,Elliot Clark,06/01/2012,10/10/2014,Demotion > New Job > Lower Level,Senior Director,Analyst II,Senior Professional,Professional,100137.32,91774.24,Communications,Product,11,10,0,0,Male,Minority,65,430,603,Yes,Minority
E00390,Elliot Clark,06/01/2012,02/28/2016,Promotion > New Job > Higher Level,Analyst II,Analyst I,Professional,Senior Professional,91774.24,99540.48,Product,Product,10,12,0,0,Male,Minority,65,383,198,Yes,Minority
E00161,Dakota Harris,10/18/2011,06/29/2013,Demotion > New Job > Lower Level,VP,Senior Specialist,Senior Professional,Professional,90991.07,85363.63,Operations,Operations,9,8,0,0,Male,Non-Minority,49,1418,1481,Yes,Non-Minority
E00315,Jamie Garcia,09/08/2022,11/25/2023,Lateral Move > New Job > Same Level,Analyst I,Coordinator,Senior Professional,Senior Professional,92305.79,92415.88,Customer Service,Customer Service,10,10,0,0,Male,Non-Minority,42,336,1443,No,Non-Minority
E00447,Logan Harris,12/27/2018,08/21/2020,Promotion > New Job > Higher Level,Analyst I,Senior Manager,Senior Professional,Manager,131320.72,143669.39,IT,IT,13,14,0,1,Female,Minority,33,715,1200,Yes,Minority
E00447,Logan Harris,12/27/2018,12/12/2020,Lateral Move > New Job > Same Level,Senior Manager,Analyst I,Manager,Manager,143669.39,148936.84,IT,IT,14,14,1,1,Female,Minority,33,1744,154,Yes,Minority
E00447,Logan Harris,12/27/2018,05/26/2022,Lateral Move > New Job > Same Level,Analyst I,Specialist,Manager,Manager,148936.84,155133.92,IT,Product,14,14,1,1,Female,Minority,33,950,996,Yes,Minority
E00447,Logan Harris,12/27/2018,07/25/2022,Promotion > New Job > Higher Level,Specialist,Administrator,Manager,Senior Manager,155133.92,163655.27,Product,Product,14,15,1,1,Female,Minority,33,1776,710,Yes,Minority
E00212,Cameron King,06/20/2018,09/12/2019,Promotion > New Job > Higher Level,Specialist,Senior Specialist,Senior Professional,Manager,126437.67,140927.7,Research,Research,13,15,0,1,Male,Non-Minority,29,1178,314,Yes,Non-Minority
E00212,Cameron King,06/20/2018,01/22/2021,Promotion > New Job > Higher Level,Senior Specialist,Director,Manager,Senior Manager,140927.7,161927.59,Research,Research,15,17,1,1,Male,Non-Minority,29,1142,1064,Yes,Non-Minority
E00212,Cameron King,06/20/2018,05/05/2020,Promotion > New Job > Higher Level,Director,Senior Specialist,Senior Manager,Director,161927.59,179530.37,Research,Research,17,17,1,1,Male,Non-Minority,29,1443,1475,No,Non-Minority
E00212,Cameron King,06/20/2018,06/11/2021,Promotion > New Job > Higher Level,Senior Specialist,Senior Analyst,Director,VP,179530.37,197137.35,Research,Finance,17,17,1,1,Male,Non-Minority,29,930,804,Yes,Non-Minority
E00212,Cameron King,06/20/2018,01/02/2024,Lateral Move > New Job > Same Level,Senior Analyst,Specialist,VP,VP,197137.35,203434.71,Finance,Research,17,17,1,1,Male,Non-Minority,29,959,289,Yes,Non-Minority
E00212,Cameron King,06/20/2018,04/07/2024,Promotion > New Job > Higher Level,Specialist,Analyst I,VP,VP,203434.71,243875.87,Research,Research,17,17,1,1,Male,Non-Minority,29,1534,590,No,Non-Minority
E00209,Parker Jackson,04/01/2011,07/29/2012,Lateral Move > New Job > Same Level,Director,Consultant,Senior Professional,Senior Professional,82463.8,84555.56,Product,Product,7,7,0,0,Male,Minority,25,1589,224,Yes,Minority
E00209,Parker Jackson,04/01/2011,02/06/2013,Lateral Move > New Job > Same Level,Consultant,Specialist,Senior Professional,Senior Professional,84555.56,83541.99,Product,Customer Service,7,7,0,0,Male,Minority,25,256,1033,Yes,Minority
E00433,Reese Garcia,03/21/2019,10/22/2020,Lateral Move > New Job > Same Level,Senior Analyst,Senior Associate,Entry,Entry,75032.35,76515.25,Finance,Finance,7,7,0,0,Female,Non-Minority,62,221,1051,Yes,Non-Minority
E00433,Reese Garcia,03/21/2019,11/12/2021,Promotion > New Job > Higher Level,Senior Associate,Senior Specialist,Entry,Professional,76515.25,91654.92,Finance,Finance,7,8,0,0,Female,Non-Minority,62,840,1262,Yes,Non-Minority
E00433,Reese Garcia,03/21/2019,10/06/2020,Promotion > New Job > Higher Level,Senior Specialist,Specialist,Professional,Senior Professional,91654.92,97613.27,Finance,Finance,8,10,0,0,Female,Non-Minority,62,1197,1119,Yes,Non-Minority
E00433,Reese Garcia,03/21/2019,12/16/2023,Demotion > New Job > Lower Level,Specialist,Specialist,Senior Professional,Professional,97613.27,87279.94,Finance,Finance,10,9,0,0,Female,Non-Minority,62,1072,503,Yes,Non-Minority
E00433,Reese Garcia,03/21/2019,01/01/2023,Promotion > New Job > Higher Level,Specialist,Senior Associate,Professional,Senior Professional,87279.94,102646.19,Finance,Finance,9,10,0,0,Female,Non-Minority,62,723,187,Yes,Non-Minority
E00433,Reese Garcia,03/21/2019,07/20/2023,Promotion > New Job > Higher Level,Senior Associate,Analyst II,Senior Professional,Manager,102646.19,120166.91,Finance,Finance,10,12,0,1,Female,Non-Minority,62,1649,1274,Yes,Non-Minority
E00370,River Harris,04/07/2012,02/04/2014,Promotion > New Job > Higher Level,VP,Senior Manager,Senior Professional,Manager,111287.2,121414.86,Research,Research,13,15,0,1,Male,Minority,30,1153,964,Yes,Minority
E00233,Peyton Thomas,05/29/2015,11/21/2016,Promotion > New Job > Higher Level,Analyst II,Coordinator,Professional,Senior Professional,104421.32,119847.54,Risk Management,Risk Management,10,11,0,0,Male,Minority,45,794,976,Yes,Minority
E00233,Peyton Thomas,05/29/2015,04/07/2018,Promotion > New Job > Higher Level,Coordinator,Director,Senior Professional,Manager,119847.54,129436.73,Risk Management,Risk Management,11,13,0,1,Male,Minority,45,1235,1018,Yes,Minority
E00340,Reese White,07/10/2012,04/16/2014,Promotion > New Job > Higher Level,Director,Senior Manager,Senior Manager,Director,117091.41,138417.79,Legal,Legal,12,13,1,1,Female,Minority,28,562,1271,Yes,Minority
E00340,Reese White,07/10/2012,12/03/2014,Promotion > New Job > Higher Level,Senior Manager,Manager,Director,VP,138417.79,159058.78,Legal,Legal,13,14,1,1,Female,Minority,28,728,1396,Yes,Minority
E00340,Reese White,07/10/2012,07/05/2016,Lateral Move > New Job > Same Level,Manager,Consultant,VP,VP,159058.78,164884.36,Legal,Legal,14,14,1,1,Female,Minority,28,1068,1249,No,Minority
E00340,Reese White,07/10/2012,01/13/2017,Promotion > New Job > Higher Level,Consultant,Senior Analyst,VP,VP,164884.36,186045.69,Legal,Legal,14,15,1,1,Female,Minority,28,672,398,Yes,Minority
E00340,Reese White,07/10/2012,09/15/2017,Promotion > New Job > Higher Level,Senior Analyst,Administrator,VP,VP,186045.69,218904.76,Legal,Legal,15,17,1,1,Female,Minority,28,311,1388,No,Minority
E00340,Reese White,07/10/2012,10/21/2015,Promotion > New Job > Higher Level,Administrator,Senior Associate,VP,VP,218904.76,238614.99,Legal,Marketing,17,17,1,1,Female,Minority,28,1586,1321,Yes,Minority
E00266,Skyler Martin,08/06/2022,02/29/2024,Promotion > New Job > Higher Level,Senior Specialist,Coordinator,Entry,Professional,106605.16,113751.31,Customer Service,Sales,12,13,0,0,Male,Minority,50,815,1040,Yes,Minority
E00266,Skyler Martin,08/06/2022,12/15/2024,Promotion > New Job > Higher Level,Coordinator,Associate,Professional,Senior Professional,113751.31,126639.66,Sales,Sales,13,15,0,0,Male,Minority,50,506,648,Yes,Minority
E00431,Quinn Jones,02/28/2015,03/13/2016,Demotion > New Job > Lower Level,Senior Analyst,Senior Director,Senior Professional,Professional,114561.89,101225.92,Human Resources,Human Resources,13,12,0,0,Male,Non-Minority,32,1307,450,No,Non-Minority
E00431,Quinn Jones,02/28/2015,12/18/2017,Promotion > New Job > Higher Level,Senior Director,Analyst I,Professional,Senior Professional,101225.92,120921.25,Human Resources,Human Resources,12,13,0,0,Male,Non-Minority,32,293,261,Yes,Non-Minority
E00127,Jamie Martinez,08/02/2014,06/05/2016,Demotion > New Job > Lower Level,Specialist,Consultant,Professional,Entry,84057.97,74705.45,Engineering,Legal,8,7,0,0,Male,Non-Minority,29,924,1465,Yes,Non-Minority
E00127,Jamie Martinez,08/02/2014,06/05/2017,Promotion > New Job > Higher Level,Consultant,Administrator,Entry,Professional,74705.45,82888.26,Legal,Legal,7,8,0,0,Male,Non-Minority,29,467,573,Yes,Non-Minority
E00127,Jamie Martinez,08/02/2014,03/18/2016,Promotion > New Job > Higher Level,Administrator,Coordinator,Professional,Senior Professional,82888.26,93522.3,Legal,Legal,8,9,0,0,Male,Non-Minority,29,1255,605,Yes,Non-Minority
E00006,Addison Davis,07/24/2011,09/07/2012,Promotion > New Job > Higher Level,Administrator,Specialist,Manager,Senior Manager,137835.37,157128.63,Communications,Communications,14,15,1,1,Male,Non-Minority,28,854,1286,Yes,Non-Minority
E00006,Addison Davis,07/24/2011,08/26/2013,Promotion > New Job > Higher Level,Specialist,Senior Analyst,Senior Manager,Director,157128.63,187034.14,Communications,Human Resources,15,16,1,1,Male,Non-Minority,28,618,652,Yes,Non-Minority
E00006,Addison Davis,07/24/2011,01/09/2015,Promotion > New Job > Higher Level,Senior Analyst,Manager,Director,VP,187034.14,203520.43,Human Resources,Human Resources,16,17,1,1,Male,Non-Minority,28,1272,857,No,Non-Minority
E00006,Addison Davis,07/24/2011,06/24/2016,Lateral Move > New Job > Same Level,Manager,Senior Specialist,VP,VP,203520.43,212965.76,Human Resources,Human Resources,17,17,1,1,Male,Non-Minority,28,1152,1488,Yes,Non-Minority
E00473,Casey Jones,09/29/2018,02/18/2020,Demotion > New Job > Lower Level,Senior Manager,Specialist,Senior Professional,Professional,82062.15,79134.69,Sales,Sales,9,8,0,0,Female,Minority,32,1153,843,No,Minority
E00473,Casey Jones,09/29/2018,08/09/2020,Promotion > New Job > Higher Level,Specialist,Analyst I,Professional,Senior Professional,79134.69,90752.43,Sales,Sales,8,9,0,0,Female,Minority,32,1694,1446,Yes,Minority
E00054,River Thompson,07/16/2017,07/04/2019,Lateral Move > New Job > Same Level,Analyst I,Senior Associate,Senior Manager,Senior Manager,161917.47,169077.79,Risk Management,Risk Management,17,17,1,1,Female,Minority,47,1311,877,No,Minority
E00124,Reese Harris,04/20/2018,03/12/2020,Demotion > New Job > Lower Level,Analyst II,Coordinator,Senior Professional,Professional,99009.57,96495.01,Engineering,Engineering,10,9,0,0,Male,Minority,25,1583,339,No,Minority
E00124,Reese Harris,04/20/2018,10/18/2020,Lateral Move > New Job > Same Level,Coordinator,Senior Specialist,Professional,Professional,96495.01,100421.07,Engineering,Engineering,9,9,0,0,Male,Minority,25,196,894,Yes,Minority
E00124,Reese Harris,04/20/2018,09/24/2020,Promotion > New Job > Higher Level,Senior Specialist,Associate,Professional,Senior Professional,100421.07,106801.58,Engineering,Engineering,9,11,0,0,Male,Minority,25,789,520,Yes,Minority
E00354,Skyler Anderson,05/23/2015,10/31/2016,Promotion > New Job > Higher Level,Senior Director,Administrator,Entry,Professional,123823.05,144674.56,Finance,Human Resources,14,16,0,0,Male,Minority,30,1776,1096,Yes,Minority
E00354,Skyler Anderson,05/23/2015,09/16/2017,Promotion > New Job > Higher Level,Administrator,Senior Specialist,Professional,Senior Professional,144674.56,172014.37,Human Resources,Human Resources,16,17,0,0,Male,Minority,30,385,418,Yes,Minority
E00354,Skyler Anderson,05/23/2015,11/07/2017,Promotion > New Job > Higher Level,Senior Specialist,Administrator,Senior Professional,Manager,172014.37,189693.74,Human Resources,Human Resources,17,17,0,1,Male,Minority,30,1301,759,Yes,Minority
E00354,Skyler Anderson,05/23/2015,12/06/2018,Promotion > New Job > Higher Level,Administrator,Senior Analyst,Manager,Senior Manager,189693.74,220859.72,Human Resources,Human Resources,17,17,1,1,Male,Minority,30,1470,998,Yes,Minority
E00354,Skyler Anderson,05/23/2015,10/28/2020,Lateral Move > New Job > Same Level,Senior Analyst,Senior Director,Senior Manager,Senior Manager,220859.72,226354.03,Human Resources,Sales,17,17,1,1,Male,Minority,30,805,732,Yes,Minority
E00354,Skyler Anderson,05/23/2015,04/23/2017,Demotion > New Job > Lower Level,Senior Director,Coordinator,Senior Manager,Manager,226354.03,195662.16,Sales,Supply Chain,17,16,1,1,Male,Minority,30,1509,356,Yes,Minority
E00415,Emery King,03/26/2013,03/12/2015,Promotion > New Job > Higher Level,Senior Manager,Manager,Entry,Professional,111690.27,130554.35,Engineering,Engineering,10,12,0,0,Male,Non-Minority,31,1685,363,Yes,Non-Minority
E00415,Emery King,03/26/2013,12/17/2014,Promotion > New Job > Higher Level,Manager,Coordinator,Professional,Senior Professional,130554.35,150544.84,Engineering,Engineering,12,13,0,0,Male,Non-Minority,31,757,496,No,Non-Minority
E00415,Emery King,03/26/2013,09/14/2014,Lateral Move > New Job > Same Level,Coordinator,Administrator,Senior Professional,Senior Professional,150544.84,151901.96,Engineering,Legal,13,13,0,0,Male,Non-Minority,31,1348,549,No,Non-Minority
E00415,Emery King,03/26/2013,05/07/2014,Promotion > New Job > Higher Level,Administrator,Senior Director,Senior Professional,Manager,151901.96,180530.44,Legal,Legal,13,14,0,1,Male,Non-Minority,31,648,272,No,Non-Minority
E00415,Emery King,03/26/2013,10/28/2016,Promotion > New Job > Higher Level,Senior Director,Analyst I,Manager,Senior Manager,180530.44,196645.94,Legal,Legal,14,15,1,1,Male,Non-Minority,31,1001,1355,No,Non-Minority
E00286,Cameron Johnson,06/06/2021,04/09/2023,Promotion > New Job > Higher Level,Coordinator,Senior Analyst,Entry,Professional,100002.45,107241.4,Sales,Sales,11,13,0,0,Female,Minority,37,1341,330,Yes,Minority
E00286,Cameron Johnson,06/06/2021,06/20/2022,Promotion > New Job > Higher Level,Senior Analyst,Administrator,Professional,Senior Professional,107241.4,125043.89,Sales,Sales,13,15,0,0,Female,Minority,37,1559,1102,No,Minority
E00286,Cameron Johnson,06/06/2021,02/03/2023,Promotion > New Job > Higher Level,Administrator,Administrator,Senior Professional,Manager,125043.89,144680.1,Sales,Risk Management,15,16,0,1,Female,Minority,37,1781,635,Yes,Minority
E00286,Cameron Johnson,06/06/2021,01/16/2024,Lateral Move > New Job > Same Level,Administrator,Senior Specialist,Manager,Manager,144680.1,149346.18,Risk Management,Risk Management,16,16,1,1,Female,Minority,37,603,1318,Yes,Minority
E00246,Sydney Clark,09/23/2011,02/13/2013,Promotion > New Job > Higher Level,Manager,Senior Analyst,Professional,Senior Professional,106697.31,118727.39,Operations,Operations,9,10,0,0,Female,Non-Minority,60,238,684,Yes,Non-Minority
E00246,Sydney Clark,09/23/2011,06/17/2013,Promotion > New Job > Higher Level,Senior Analyst,Specialist,Senior Professional,Manager,118727.39,135664.09,Operations,Operations,10,11,0,1,Female,Non-Minority,60,1373,1491,No,Non-Minority
E00371,Finley Miller,08/22/2012,04/13/2014,Lateral Move > New Job > Same Level,Director,Administrator,Senior Professional,Senior Professional,73350.22,72323.44,Engineering,Engineering,6,6,0,0,Female,Non-Minority,34,842,904,Yes,Non-Minority
E00371,Finley Miller,08/22/2012,07/26/2015,Demotion > New Job > Lower Level,Administrator,Senior Specialist,Senior Professional,Professional,72323.44,63470.2,Engineering,Engineering,6,5,0,0,Female,Non-Minority,34,1687,1313,Yes,Non-Minority
E00371,Finley Miller,08/22/2012,01/28/2015,Promotion > New Job > Higher Level,Senior Specialist,Consultant,Professional,Senior Professional,63470.2,67550.82,Engineering,Operations,5,6,0,0,Female,Non-Minority,34,660,1054,Yes,Non-Minority
E00371,Finley Miller,08/22/2012,08/17/2015,Promotion > New Job > Higher Level,Consultant,Senior Specialist,Senior Professional,Manager,67550.82,70982.68,Operations,Operations,6,7,0,1,Female,Non-Minority,34,799,898,Yes,Non-Minority
E00371,Finley Miller,08/22/2012,05/27/2017,Demotion > New Job > Lower Level,Senior Specialist,Senior Manager,Manager,Senior Professional,70982.68,63757.86,Operations,Operations,7,6,1,0,Female,Non-Minority,34,264,1278,Yes,Non-Minority
E00371,Finley Miller,08/22/2012,08/26/2015,Promotion > New Job > Higher Level,Senior Manager,Specialist,Senior Professional,Manager,63757.86,68570.3,Operations,Operations,6,8,0,1,Female,Non-Minority,34,1138,360,Yes,Non-Minority
E00388,Logan Brown,07/19/2016,12/28/2017,Lateral Move > New Job > Same Level,Analyst I,Senior Associate,Professional,Professional,111941.67,115268.34,Customer Service,Customer Service,13,13,0,0,Male,Non-Minority,32,419,731,No,Non-Minority
E00137,Drew Harris,02/02/2020,04/07/2021,Lateral Move > New Job > Same Level,Manager,Senior Associate,Senior Professional,Senior Professional,124253.27,126110.2,Communications,Communications,14,14,0,0,Male,Non-Minority,54,1711,828,Yes,Non-Minority
E00222,River Johnson,02/27/2011,07/20/2012,Lateral Move > New Job > Same Level,Administrator,Coordinator,VP,VP,122536.81,127829.85,Engineering,Risk Management,16,16,1,1,Female,Minority,26,720,1148,Yes,Minority
E00222,River Johnson,02/27/2011,01/12/2013,Promotion > New Job > Higher Level,Coordinator,Manager,VP,VP,127829.85,151337.86,Risk Management,Risk Management,16,17,1,1,Female,Minority,26,1744,399,Yes,Minority
E00222,River Johnson,02/27/2011,08/16/2014,Promotion > New Job > Higher Level,Manager,Analyst I,VP,VP,151337.86,163193.36,Risk Management,Marketing,17,17,1,1,Female,Minority,26,1143,622,Yes,Minority
E00222,River Johnson,02/27/2011,01/26/2013,Promotion > New Job > Higher Level,Analyst I,Consultant,VP,VP,163193.36,182036.4,Marketing,Marketing,17,17,1,1,Female,Minority,26,1193,173,Yes,Minority
E00175,Quinn Hall,08/21/2010,02/19/2012,Lateral Move > New Job > Same Level,Director,Manager,Manager,Manager,112890.33,118446.49,Research,Research,14,14,1,1,Male,Minority,48,1189,320,Yes,Minority
E00175,Quinn Hall,08/21/2010,01/19/2012,Promotion > New Job > Higher Level,Manager,Senior Analyst,Manager,Senior Manager,118446.49,130580.22,Research,Engineering,14,15,1,1,Male,Minority,48,524,1131,Yes,Minority
E00175,Quinn Hall,08/21/2010,03/01/2013,Demotion > New Job > Lower Level,Senior Analyst,Associate,Senior Manager,Manager,130580.22,120554.55,Engineering,Engineering,15,14,1,1,Male,Minority,48,1375,98,Yes,Minority
E00175,Quinn Hall,08/21/2010,08/02/2014,Promotion > New Job > Higher Level,Associate,Manager,Manager,Senior Manager,120554.55,134112.46,Engineering,Communications,14,15,1,1,Male,Minority,48,1566,283,Yes,Minority
E00497,Jamie Johnson,12/27/2020,01/09/2022,Lateral Move > New Job > Same Level,Specialist,Analyst II,Entry,Entry,123223.87,123211.51,Customer Service,Customer Service,14,14,0,0,Male,Non-Minority,36,987,855,No,Non-Minority
E00497,Jamie Johnson,12/27/2020,08/23/2023,Promotion > New Job > Higher Level,Analyst II,Manager,Entry,Professional,123211.51,144840.87,Customer Service,Human Resources,14,15,0,0,Male,Non-Minority,36,1629,1440,Yes,Non-Minority
E00497,Jamie Johnson,12/27/2020,09/04/2024,Demotion > New Job > Lower Level,Manager,Director,Professional,Entry,144840.87,131664.29,Human Resources,Human Resources,15,14,0,0,Male,Non-Minority,36,1527,101,Yes,Non-Minority
E00395,Logan Martinez,06/01/2022,06/23/2023,Lateral Move > New Job > Same Level,Senior Director,Specialist,Entry,Entry,88908.98,91214.58,Sales,Sales,8,8,0,0,Female,Minority,44,1678,1255,Yes,Minority
E00395,Logan Martinez,06/01/2022,10/11/2023,Promotion > New Job > Higher Level,Specialist,Senior Associate,Entry,Professional,91214.58,107586.85,Sales,Sales,8,9,0,0,Female,Minority,44,841,203,Yes,Minority
E00395,Logan Martinez,06/01/2022,10/23/2023,Promotion > New Job > Higher Level,Senior Associate,Coordinator,Professional,Senior Professional,107586.85,114459.78,Sales,Sales,9,11,0,0,Female,Minority,44,996,272,Yes,Minority
E00027,River Williams,05/23/2021,09/06/2022,Demotion > New Job > Lower Level,Senior Director,Senior Associate,Senior Professional,Professional,81977.92,71417.71,Human Resources,Human Resources,7,6,0,0,Male,Non-Minority,37,1505,1429,Yes,Non-Minority
E00105,Finley Brown,08/13/2012,10/13/2013,Lateral Move > New Job > Same Level,Analyst II,VP,Professional,Professional,62005.38,62061.08,Marketing,Marketing,5,5,0,0,Male,Non-Minority,37,815,1492,Yes,Non-Minority
E00105,Finley Brown,08/13/2012,04/22/2015,Promotion > New Job > Higher Level,VP,Senior Manager,Professional,Senior Professional,62061.08,68506.54,Marketing,Operations,5,6,0,0,Male,Non-Minority,37,589,1092,Yes,Non-Minority
E00438,Emery Young,02/03/2012,08/19/2013,Demotion > New Job > Lower Level,Analyst I,Senior Specialist,Professional,Entry,79913.69,72876.26,Product,Product,7,6,0,0,Male,Non-Minority,65,364,955,Yes,Non-Minority
E00438,Emery Young,02/03/2012,02/14/2014,Lateral Move > New Job > Same Level,Senior Specialist,Senior Specialist,Entry,Entry,72876.26,74550.28,Product,Product,6,6,0,0,Male,Non-Minority,65,370,172,No,Non-Minority
E00438,Emery Young,02/03/2012,12/20/2015,Lateral Move > New Job > Same Level,Senior Specialist,Associate,Entry,Entry,74550.28,74842.68,Product,Product,6,6,0,0,Male,Non-Minority,65,1506,1495,No,Non-Minority
E00438,Emery Young,02/03/2012,12/16/2013,Lateral Move > New Job > Same Level,Associate,Senior Director,Entry,Entry,74842.68,78221.58,Product,Product,6,6,0,0,Male,Non-Minority,65,1254,261,No,Non-Minority
E00042,Parker Lewis,04/26/2017,12/21/2018,Promotion > New Job > Higher Level,Senior Specialist,Senior Associate,Senior Professional,Manager,91441.35,97099.51,Customer Service,Customer Service,7,9,0,1,Female,Minority,65,484,351,Yes,Minority
E00042,Parker Lewis,04/26/2017,03/26/2020,Promotion > New Job > Higher Level,Senior Associate,Senior Associate,Manager,Senior Manager,97099.51,114211.42,Customer Service,Customer Service,9,11,1,1,Female,Minority,65,1344,187,Yes,Minority
E00042,Parker Lewis,04/26/2017,09/29/2018,Promotion > New Job > Higher Level,Senior Associate,Senior Specialist,Senior Manager,Director,114211.42,128717.66,Customer Service,Customer Service,11,12,1,1,Female,Minority,65,373,1041,Yes,Minority
E00375,Skyler Clark,01/05/2017,10/23/2018,Lateral Move > New Job > Same Level,Senior Analyst,Director,Manager,Manager,95442.73,98964.35,Human Resources,Human Resources,10,10,1,1,Female,Minority,43,347,1121,Yes,Minority
E00375,Skyler Clark,01/05/2017,01/21/2018,Promotion > New Job > Higher Level,Director,Coordinator,Manager,Senior Manager,98964.35,114905.27,Human Resources,Human Resources,10,11,1,1,Female,Minority,43,553,894,Yes,Minority
E00375,Skyler Clark,01/05/2017,04/07/2018,Demotion > New Job > Lower Level,Coordinator,Senior Associate,Senior Manager,Manager,114905.27,98913.65,Human Resources,Human Resources,11,10,1,1,Female,Minority,43,822,1292,Yes,Minority
E00375,Skyler Clark,01/05/2017,07/24/2020,Promotion > New Job > Higher Level,Senior Associate,Coordinator,Manager,Senior Manager,98913.65,113114.84,Human Resources,Risk Management,10,12,1,1,Female,Minority,43,563,522,Yes,Minority
E00375,Skyler Clark,01/05/2017,01/19/2019,Lateral Move > New Job > Same Level,Coordinator,Senior Associate,Senior Manager,Senior Manager,113114.84,111471.9,Risk Management,Risk Management,12,12,1,1,Female,Minority,43,1559,307,Yes,Minority
E00375,Skyler Clark,01/05/2017,11/16/2022,Promotion > New Job > Higher Level,Senior Associate,Senior Director,Senior Manager,Director,111471.9,117143.26,Risk Management,Marketing,12,13,1,1,Female,Minority,43,1157,1032,Yes,Minority
E00317,Blake Scott,12/24/2015,07/18/2017,Demotion > New Job > Lower Level,Administrator,Director,Senior Professional,Professional,75322.14,72530.81,Communications,Communications,8,7,0,0,Male,Non-Minority,33,1666,1086,Yes,Non-Minority
E00317,Blake Scott,12/24/2015,10/29/2017,Promotion > New Job > Higher Level,Director,Senior Director,Professional,Senior Professional,72530.81,83671.49,Communications,Communications,7,9,0,0,Male,Non-Minority,33,988,709,Yes,Non-Minority
E00317,Blake Scott,12/24/2015,06/20/2017,Promotion > New Job > Higher Level,Senior Director,Analyst I,Senior Professional,Manager,83671.49,89550.84,Communications,Risk Management,9,10,0,1,Male,Non-Minority,33,1605,475,Yes,Non-Minority
E00317,Blake Scott,12/24/2015,02/15/2017,Promotion > New Job > Higher Level,Analyst I,Senior Specialist,Manager,Senior Manager,89550.84,100491.05,Risk Management,Sales,10,11,1,1,Male,Non-Minority,33,1462,1193,Yes,Non-Minority
E00317,Blake Scott,12/24/2015,01/17/2018,Promotion > New Job > Higher Level,Senior Specialist,Manager,Senior Manager,Director,100491.05,110051.54,Sales,Sales,11,12,1,1,Male,Non-Minority,33,1044,134,Yes,Non-Minority
E00317,Blake Scott,12/24/2015,04/14/2018,Promotion > New Job > Higher Level,Manager,Manager,Director,VP,110051.54,130450.95,Sales,Sales,12,13,1,1,Male,Non-Minority,33,1173,1055,No,Non-Minority
E00151,Logan Young,04/11/2013,11/27/2014,Lateral Move > New Job > Same Level,Senior Analyst,Administrator,Entry,Entry,59898.19,61154.01,Marketing,IT,5,5,0,0,Male,Minority,52,982,194,No,Minority
E00172,Riley Garcia,10/14/2012,10/18/2013,Lateral Move > New Job > Same Level,Specialist,Senior Specialist,Manager,Manager,109781.15,108374.46,Customer Service,Customer Service,12,12,1,1,Male,Non-Minority,36,1031,1105,Yes,Non-Minority
E00172,Riley Garcia,10/14/2012,05/29/2015,Promotion > New Job > Higher Level,Senior Specialist,Senior Manager,Manager,Senior Manager,108374.46,114394.94,Customer Service,Customer Service,12,14,1,1,Male,Non-Minority,36,1390,1342,Yes,Non-Minority
E00172,Riley Garcia,10/14/2012,07/09/2016,Lateral Move > New Job > Same Level,Senior Manager,Senior Specialist,Senior Manager,Senior Manager,114394.94,113964.06,Customer Service,Finance,14,14,1,1,Male,Non-Minority,36,1360,736,Yes,Non-Minority
E00236,Charlie White,12/15/2010,01/16/2012,Promotion > New Job > Higher Level,Manager,Manager,Senior Manager,Director,128561.87,152208.46,Sales,Sales,13,15,1,1,Female,Non-Minority,39,419,1103,Yes,Non-Minority
E00236,Charlie White,12/15/2010,09/12/2013,Lateral Move > New Job > Same Level,Manager,VP,Director,Director,152208.46,159168.57,Sales,Sales,15,15,1,1,Female,Non-Minority,39,1073,132,Yes,Non-Minority
E00236,Charlie White,12/15/2010,11/09/2012,Demotion > New Job > Lower Level,VP,Manager,Director,Senior Manager,159168.57,141252.78,Sales,Operations,15,14,1,1,Female,Non-Minority,39,655,1129,Yes,Non-Minority
E00236,Charlie White,12/15/2010,03/08/2013,Promotion > New Job > Higher Level,Manager,VP,Senior Manager,Director,141252.78,167845.08,Operations,Operations,14,16,1,1,Female,Non-Minority,39,1525,1049,Yes,Non-Minority
E00236,Charlie White,12/15/2010,09/08/2012,Lateral Move > New Job > Same Level,VP,Senior Specialist,Director,Director,167845.08,174864.72,Operations,Operations,16,16,1,1,Female,Non-Minority,39,1033,1468,Yes,Non-Minority
E00073,Sage White,07/14/2018,01/14/2020,Promotion > New Job > Higher Level,Director,Director,Entry,Professional,113959.57,133328.51,Engineering,Engineering,14,16,0,0,Female,Non-Minority,25,604,668,No,Non-Minority
E00073,Sage White,07/14/2018,06/20/2021,Promotion > New Job > Higher Level,Director,Senior Analyst,Professional,Senior Professional,133328.51,153335.58,Engineering,Sales,16,17,0,0,Female,Non-Minority,25,1420,1097,No,Non-Minority
E00073,Sage White,07/14/2018,02/05/2020,Promotion > New Job > Higher Level,Senior Analyst,Associate,Senior Professional,Manager,153335.58,182692.93,Sales,Sales,17,17,0,1,Female,Non-Minority,25,608,1230,No,Non-Minority
E00073,Sage White,07/14/2018,10/18/2019,Promotion > New Job > Higher Level,Associate,Senior Analyst,Manager,Senior Manager,182692.93,201659.75,Sales,Research,17,17,1,1,Female,Non-Minority,25,537,1121,No,Non-Minority
E00073,Sage White,07/14/2018,09/17/2019,Demotion > New Job > Lower Level,Senior Analyst,Analyst II,Senior Manager,Manager,201659.75,192562.08,Research,Research,17,16,1,1,Female,Non-Minority,25,1444,554,Yes,Non-Minority
E00073,Sage White,07/14/2018,11/19/2020,Promotion > New Job > Higher Level,Analyst II,Coordinator,Manager,Senior Manager,192562.08,216238.51,Research,Research,16,17,1,1,Female,Non-Minority,25,907,185,Yes,Non-Minority
E00338,Drew Scott,04/26/2013,09/09/2014,Lateral Move > New Job > Same Level,VP,Administrator,Senior Professional,Senior Professional,113640.75,118498.01,Risk Management,Risk Management,14,14,0,0,Male,Minority,26,1235,1327,No,Minority
E00338,Drew Scott,04/26/2013,03/11/2016,Promotion > New Job > Higher Level,Administrator,Manager,Senior Professional,Manager,118498.01,136979.05,Risk Management,Risk Management,14,15,0,1,Male,Minority,26,1116,317,Yes,Minority
E00338,Drew Scott,04/26/2013,11/28/2014,Promotion > New Job > Higher Level,Manager,Senior Analyst,Manager,Senior Manager,136979.05,160750.6,Risk Management,Human Resources,15,16,1,1,Male,Minority,26,1470,331,No,Minority
E00338,Drew Scott,04/26/2013,06/20/2015,Demotion > New Job > Lower Level,Senior Analyst,VP,Senior Manager,Manager,160750.6,155675.41,Human Resources,Engineering,16,15,1,1,Male,Minority,26,1084,1126,Yes,Minority
E00338,Drew Scott,04/26/2013,02/09/2017,Promotion > New Job > Higher Level,VP,Administrator,Manager,Senior Manager,155675.41,167062.19,Engineering,Engineering,15,16,1,1,Male,Minority,26,462,341,Yes,Minority
E00014,Elliot Brown,11/28/2015,07/09/2017,Promotion > New Job > Higher Level,Administrator,Coordinator,Professional,Senior Professional,89629.72,104452.94,Customer Service,Risk Management,7,9,0,0,Female,Minority,62,1150,789,Yes,Minority
E00014,Elliot Brown,11/28/2015,09/16/2017,Promotion > New Job > Higher Level,Coordinator,Coordinator,Senior Professional,Manager,104452.94,111011.03,Risk Management,Risk Management,9,10,0,1,Female,Minority,62,1029,828,Yes,Minority
E00290,Hayden White,06/20/2021,05/26/2023,Promotion > New Job > Higher Level,Senior Director,Senior Specialist,Senior Professional,Manager,75957.67,81482.96,Sales,Sales,7,8,0,1,Male,Minority,63,1792,557,Yes,Minority
E00290,Hayden White,06/20/2021,11/08/2022,Promotion > New Job > Higher Level,Senior Specialist,Manager,Manager,Senior Manager,81482.96,90609.98,Sales,Sales,8,10,1,1,Male,Minority,63,1237,1487,Yes,Minority
E00290,Hayden White,06/20/2021,06/29/2024,Lateral Move > New Job > Same Level,Manager,Coordinator,Senior Manager,Senior Manager,90609.98,94783.64,Sales,Sales,10,10,1,1,Male,Minority,63,200,1149,Yes,Minority
E00290,Hayden White,06/20/2021,11/09/2022,Promotion > New Job > Higher Level,Coordinator,Coordinator,Senior Manager,Director,94783.64,104332.67,Sales,Sales,10,11,1,1,Male,Minority,63,516,978,Yes,Minority
E00290,Hayden White,06/20/2021,10/23/2022,Lateral Move > New Job > Same Level,Coordinator,Senior Analyst,Director,Director,104332.67,105118.15,Sales,Research,11,11,1,1,Male,Minority,63,1356,208,No,Minority
E00476,Rowan Young,06/29/2013,01/29/2015,Promotion > New Job > Higher Level,Coordinator,Administrator,Manager,Senior Manager,108281.71,128082.91,Engineering,Engineering,10,12,1,1,Female,Minority,30,803,732,Yes,Minority
E00476,Rowan Young,06/29/2013,06/16/2015,Promotion > New Job > Higher Level,Administrator,Director,Senior Manager,Director,128082.91,150375.81,Engineering,Engineering,12,13,1,1,Female,Minority,30,480,917,Yes,Minority
E00476,Rowan Young,06/29/2013,12/28/2016,Promotion > New Job > Higher Level,Director,Director,Director,VP,150375.81,177915.18,Engineering,Engineering,13,14,1,1,Female,Minority,30,1515,995,Yes,Minority
E00294,Logan White,02/07/2016,08/01/2017,Lateral Move > New Job > Same Level,Senior Director,Senior Specialist,Professional,Professional,75297.94,78470.79,Customer Service,Customer Service,6,6,0,0,Male,Non-Minority,26,1768,494,Yes,Non-Minority
E00294,Logan White,02/07/2016,12/11/2017,Promotion > New Job > Higher Level,Senior Specialist,VP,Professional,Senior Professional,78470.79,82829.49,Customer Service,Customer Service,6,7,0,0,Male,Non-Minority,26,1652,348,Yes,Non-Minority
E00294,Logan White,02/07/2016,01/07/2020,Promotion > New Job > Higher Level,VP,Senior Associate,Senior Professional,Manager,82829.49,89626.49,Customer Service,Customer Service,7,9,0,1,Male,Non-Minority,26,1247,787,Yes,Non-Minority
E00294,Logan White,02/07/2016,08/30/2020,Promotion > New Job > Higher Level,Senior Associate,Senior Manager,Manager,Senior Manager,89626.49,94422.7,Customer Service,Customer Service,9,10,1,1,Male,Non-Minority,26,1393,619,No,Non-Minority
E00294,Logan White,02/07/2016,06/15/2018,Promotion > New Job > Higher Level,Senior Manager,Analyst II,Senior Manager,Director,94422.7,109433.68,Customer Service,Customer Service,10,12,1,1,Male,Non-Minority,26,1679,212,Yes,Non-Minority
E00294,Logan White,02/07/2016,04/13/2021,Demotion > New Job > Lower Level,Analyst II,Analyst II,Director,Senior Manager,109433.68,96714.02,Customer Service,Customer Service,12,11,1,1,Male,Non-Minority,26,277,1423,Yes,Non-Minority
E00071,Morgan Young,11/18/2019,07/04/2021,Promotion > New Job > Higher Level,Analyst II,Associate,Senior Professional,Manager,85980.07,97661.78,Finance,Operations,9,11,0,1,Female,Non-Minority,47,1707,1281,Yes,Non-Minority
E00037,Hayden King,06/14/2017,05/20/2019,Lateral Move > New Job > Same Level,Analyst I,Specialist,Senior Professional,Senior Professional,87926.14,89449.92,Engineering,Engineering,7,7,0,0,Female,Non-Minority,52,792,672,No,Non-Minority
E00037,Hayden King,06/14/2017,04/26/2020,Lateral Move > New Job > Same Level,Specialist,Senior Director,Senior Professional,Senior Professional,89449.92,92574.88,Engineering,Engineering,7,7,0,0,Female,Non-Minority,52,466,863,Yes,Non-Minority
E00037,Hayden King,06/14/2017,05/13/2021,Lateral Move > New Job > Same Level,Senior Director,Director,Senior Professional,Senior Professional,92574.88,95502.64,Engineering,Customer Service,7,7,0,0,Female,Non-Minority,52,574,829,Yes,Non-Minority
E00037,Hayden King,06/14/2017,12/30/2020,Promotion > New Job > Higher Level,Director,Senior Specialist,Senior Professional,Manager,95502.64,102377.21,Customer Service,Customer Service,7,8,0,1,Female,Non-Minority,52,347,278,Yes,Non-Minority
E00037,Hayden King,06/14/2017,10/19/2018,Promotion > New Job > Higher Level,Senior Specialist,Manager,Manager,Senior Manager,102377.21,121140.54,Customer Service,Customer Service,8,10,1,1,Female,Non-Minority,52,339,846,Yes,Non-Minority
E00037,Hayden King,06/14/2017,05/08/2024,Promotion > New Job > Higher Level,Manager,Senior Specialist,Senior Manager,Director,121140.54,137886.51,Customer Service,Customer Service,10,12,1,1,Female,Non-Minority,52,720,1286,Yes,Non-Minority
E00118,Sydney Taylor,02/03/2012,12/24/2013,Promotion > New Job > Higher Level,Coordinator,Manager,Senior Professional,Manager,84276.33,101087.5,Legal,Legal,6,8,0,1,Male,Non-Minority,30,1678,943,No,Non-Minority
E00118,Sydney Taylor,02/03/2012,07/18/2013,Lateral Move > New Job > Same Level,Manager,Manager,Manager,Manager,101087.5,100087.16,Legal,Supply Chain,8,8,1,1,Male,Non-Minority,30,444,1141,Yes,Non-Minority
E00118,Sydney Taylor,02/03/2012,01/21/2016,Promotion > New Job > Higher Level,Manager,Analyst I,Manager,Senior Manager,100087.16,115517.66,Supply Chain,Supply Chain,8,9,1,1,Male,Non-Minority,30,1708,411,Yes,Non-Minority
E00118,Sydney Taylor,02/03/2012,03/22/2016,Demotion > New Job > Lower Level,Analyst I,Director,Senior Manager,Manager,115517.66,103736.38,Supply Chain,Supply Chain,9,8,1,1,Male,Non-Minority,30,1016,315,Yes,Non-Minority
E00109,Quinn Williams,06/25/2017,12/31/2018,Promotion > New Job > Higher Level,Administrator,Senior Associate,Professional,Senior Professional,81585.12,86157.34,Sales,Operations,7,9,0,0,Female,Minority,57,946,711,Yes,Minority
E00480,Morgan Clark,07/15/2011,03/19/2013,Promotion > New Job > Higher Level,Manager,Senior Specialist,Professional,Senior Professional,75480.14,88212.17,Marketing,IT,7,8,0,0,Female,Minority,61,279,714,No,Minority
E00480,Morgan Clark,07/15/2011,04/30/2013,Promotion > New Job > Higher Level,Senior Specialist,Analyst I,Senior Professional,Manager,88212.17,95045.22,IT,IT,8,9,0,1,Female,Minority,61,430,1211,Yes,Minority
E00480,Morgan Clark,07/15/2011,06/28/2014,Promotion > New Job > Higher Level,Analyst I,Director,Manager,Senior Manager,95045.22,112206.96,IT,IT,9,10,1,1,Female,Minority,61,814,1248,Yes,Minority
E00036,River Walker,04/22/2012,10/11/2013,Demotion > New Job > Lower Level,Senior Analyst,VP,Professional,Entry,129128.01,122875.04,Operations,Operations,13,12,0,0,Male,Minority,37,1420,361,Yes,Minority
E00036,River Walker,04/22/2012,09/10/2013,Lateral Move > New Job > Same Level,VP,Manager,Entry,Entry,122875.04,124759.14,Operations,Operations,12,12,0,0,Male,Minority,37,1546,1009,Yes,Minority
E00036,River Walker,04/22/2012,02/21/2014,Promotion > New Job > Higher Level,Manager,Director,Entry,Professional,124759.14,132668.53,Operations,Operations,12,14,0,0,Male,Minority,37,1018,883,Yes,Minority
E00036,River Walker,04/22/2012,08/11/2014,Promotion > New Job > Higher Level,Director,Consultant,Professional,Senior Professional,132668.53,146048.11,Operations,Research,14,16,0,0,Male,Minority,37,1087,658,Yes,Minority
E00080,Drew Lewis,01/11/2021,02/25/2022,Promotion > New Job > Higher Level,Analyst II,Coordinator,Director,VP,133619.76,154475.31,Operations,Operations,16,17,1,1,Male,Non-Minority,32,1760,722,Yes,Non-Minority
E00080,Drew Lewis,01/11/2021,08/08/2023,Promotion > New Job > Higher Level,Coordinator,Senior Manager,VP,VP,154475.31,177119.4,Operations,IT,17,17,1,1,Male,Non-Minority,32,1361,198,Yes,Non-Minority
E00080,Drew Lewis,01/11/2021,12/14/2024,Promotion > New Job > Higher Level,Senior Manager,Analyst I,VP,VP,177119.4,205916.14,IT,IT,17,17,1,1,Male,Non-Minority,32,426,1438,Yes,Non-Minority
E00251,Jamie Lewis,02/14/2013,02/23/2014,Promotion > New Job > Higher Level,Senior Analyst,Administrator,Professional,Senior Professional,92015.94,107475.87,Research,Supply Chain,9,11,0,0,Male,Non-Minority,49,1366,999,Yes,Non-Minority
E00251,Jamie Lewis,02/14/2013,05/11/2014,Lateral Move > New Job > Same Level,Administrator,Senior Specialist,Senior Professional,Senior Professional,107475.87,111397.07,Supply Chain,Supply Chain,11,11,0,0,Male,Non-Minority,49,1386,182,Yes,Non-Minority
E00292,Casey Robinson,12/09/2013,12/20/2014,Lateral Move > New Job > Same Level,Analyst I,Administrator,Manager,Manager,99436.45,99814.01,Human Resources,Finance,10,10,1,1,Male,Non-Minority,32,1261,739,Yes,Non-Minority
E00292,Casey Robinson,12/09/2013,01/04/2016,Promotion > New Job > Higher Level,Administrator,Senior Manager,Manager,Senior Manager,99814.01,106167.55,Finance,Finance,10,12,1,1,Male,Non-Minority,32,524,674,Yes,Non-Minority
E00292,Casey Robinson,12/09/2013,09/29/2015,Promotion > New Job > Higher Level,Senior Manager,Senior Specialist,Senior Manager,Director,106167.55,115545.67,Finance,Engineering,12,13,1,1,Male,Non-Minority,32,1569,436,Yes,Non-Minority
E00292,Casey Robinson,12/09/2013,04/08/2015,Lateral Move > New Job > Same Level,Senior Specialist,Analyst I,Director,Director,115545.67,118204.75,Engineering,Engineering,13,13,1,1,Male,Non-Minority,32,1640,209,Yes,Non-Minority
E00094,Sage Taylor,08/26/2010,03/12/2012,Lateral Move > New Job > Same Level,Specialist,Senior Associate,Senior Professional,Senior Professional,95895.18,94640.11,Finance,Operations,10,10,0,0,Female,Non-Minority,49,949,337,Yes,Non-Minority
E00094,Sage Taylor,08/26/2010,10/18/2011,Demotion > New Job > Lower Level,Senior Associate,Director,Senior Professional,Professional,94640.11,82936.23,Operations,Operations,10,9,0,0,Female,Non-Minority,49,664,1099,Yes,Non-Minority
E00094,Sage Taylor,08/26/2010,07/02/2014,Promotion > New Job > Higher Level,Director,Manager,Professional,Senior Professional,82936.23,98893.46,Operations,Operations,9,11,0,0,Female,Non-Minority,49,1312,923,Yes,Non-Minority
E00471,Logan Walker,04/07/2015,12/09/2016,Lateral Move > New Job > Same Level,Analyst II,Consultant,Entry,Entry,87398.51,85827.39,Research,Research,9,9,0,0,Male,Non-Minority,35,218,641,Yes,Non-Minority
E00215,River Johnson,05/09/2010,03/04/2012,Promotion > New Job > Higher Level,Manager,Coordinator,Professional,Senior Professional,72660.73,78978.39,Sales,Sales,8,9,0,0,Female,Non-Minority,60,437,713,No,Non-Minority
E00215,River Johnson,05/09/2010,12/10/2012,Promotion > New Job > Higher Level,Coordinator,Senior Manager,Senior Professional,Manager,78978.39,88210.75,Sales,Sales,9,11,0,1,Female,Non-Minority,60,596,381,Yes,Non-Minority
E00215,River Johnson,05/09/2010,06/11/2013,Lateral Move > New Job > Same Level,Senior Manager,Senior Manager,Manager,Manager,88210.75,89783.62,Sales,Sales,11,11,1,1,Female,Non-Minority,60,1047,1226,No,Non-Minority
E00215,River Johnson,05/09/2010,11/19/2013,Lateral Move > New Job > Same Level,Senior Manager,Administrator,Manager,Manager,89783.62,88250.6,Sales,Sales,11,11,1,1,Female,Non-Minority,60,1451,682,No,Non-Minority
E00215,River Johnson,05/09/2010,01/05/2015,Promotion > New Job > Higher Level,Administrator,Manager,Manager,Senior Manager,88250.6,92670.32,Sales,Sales,11,12,1,1,Female,Non-Minority,60,739,1314,No,Non-Minority
E00411,Jordan Garcia,06/10/2017,05/24/2019,Promotion > New Job > Higher Level,Coordinator,Associate,Professional,Senior Professional,70679.08,84806.86,Finance,Finance,6,8,0,0,Male,Non-Minority,38,1378,1135,Yes,Non-Minority
E00411,Jordan Garcia,06/10/2017,03/25/2019,Promotion > New Job > Higher Level,Associate,Analyst II,Senior Professional,Manager,84806.86,91100.58,Finance,Finance,8,9,0,1,Male,Non-Minority,38,795,273,Yes,Non-Minority
E00411,Jordan Garcia,06/10/2017,08/27/2020,Promotion > New Job > Higher Level,Analyst II,Senior Associate,Manager,Senior Manager,91100.58,107004.44,Finance,Finance,9,10,1,1,Male,Non-Minority,38,1064,521,Yes,Non-Minority
E00445,Logan Lewis,08/04/2017,04/19/2019,Promotion > New Job > Higher Level,VP,Senior Director,Professional,Senior Professional,102205.2,120866.82,Communications,Communications,13,15,0,0,Female,Minority,25,715,1017,Yes,Minority
E00445,Logan Lewis,08/04/2017,05/10/2019,Promotion > New Job > Higher Level,Senior Director,Associate,Senior Professional,Manager,120866.82,138917.26,Communications,Communications,15,16,0,1,Female,Minority,25,1121,1317,Yes,Minority
E00445,Logan Lewis,08/04/2017,06/06/2020,Promotion > New Job > Higher Level,Associate,Director,Manager,Senior Manager,138917.26,164909.06,Communications,Finance,16,17,1,1,Female,Minority,25,1155,98,Yes,Minority
E00445,Logan Lewis,08/04/2017,08/23/2018,Lateral Move > New Job > Same Level,Director,Consultant,Senior Manager,Senior Manager,164909.06,169376.36,Finance,Finance,17,17,1,1,Female,Minority,25,1606,1091,Yes,Minority
E00445,Logan Lewis,08/04/2017,11/12/2022,Promotion > New Job > Higher Level,Consultant,Senior Director,Senior Manager,Director,169376.36,191517.19,Finance,Finance,17,17,1,1,Female,Minority,25,1513,248,Yes,Minority
E00312,Jamie Rodriguez,11/16/2013,12/01/2014,Promotion > New Job > Higher Level,Manager,Administrator,Entry,Professional,77504.29,89194.8,Operations,Operations,8,10,0,0,Male,Minority,31,950,1321,Yes,Minority
E00312,Jamie Rodriguez,11/16/2013,11/17/2015,Promotion > New Job > Higher Level,Administrator,VP,Professional,Senior Professional,89194.8,96025.16,Operations,Operations,10,12,0,0,Male,Minority,31,197,345,No,Minority
E00312,Jamie Rodriguez,11/16/2013,06/20/2017,Promotion > New Job > Higher Level,VP,Associate,Senior Professional,Manager,96025.16,114311.92,Operations,Operations,12,14,0,1,Male,Minority,31,1701,130,Yes,Minority
E00312,Jamie Rodriguez,11/16/2013,06/13/2016,Promotion > New Job > Higher Level,Associate,Senior Director,Manager,Senior Manager,114311.92,123311.33,Operations,Operations,14,16,1,1,Male,Minority,31,800,542,No,Minority
E00312,Jamie Rodriguez,11/16/2013,03/09/2016,Lateral Move > New Job > Same Level,Senior Director,Analyst I,Senior Manager,Senior Manager,123311.33,129305.29,Operations,Operations,16,16,1,1,Male,Minority,31,754,1099,Yes,Minority
E00058,Sydney Robinson,06/06/2020,06/02/2022,Promotion > New Job > Higher Level,Analyst II,Senior Director,Professional,Senior Professional,122982.03,129262.76,Marketing,Marketing,14,15,0,0,Male,Non-Minority,32,991,317,Yes,Non-Minority
E00058,Sydney Robinson,06/06/2020,03/17/2022,Lateral Move > New Job > Same Level,Senior Director,Senior Manager,Senior Professional,Senior Professional,129262.76,131826.97,Marketing,Marketing,15,15,0,0,Male,Non-Minority,32,576,1441,Yes,Non-Minority
E00058,Sydney Robinson,06/06/2020,05/31/2022,Lateral Move > New Job > Same Level,Senior Manager,Senior Analyst,Senior Professional,Senior Professional,131826.97,129793.57,Marketing,Human Resources,15,15,0,0,Male,Non-Minority,32,711,1257,Yes,Non-Minority
E00058,Sydney Robinson,06/06/2020,09/15/2022,Lateral Move > New Job > Same Level,Senior Analyst,Senior Associate,Senior Professional,Senior Professional,129793.57,135202.1,Human Resources,Human Resources,15,15,0,0,Male,Non-Minority,32,572,1478,Yes,Non-Minority
E00058,Sydney Robinson,06/06/2020,07/23/2021,Promotion > New Job > Higher Level,Senior Associate,Analyst I,Senior Professional,Manager,135202.1,155766.62,Human Resources,Human Resources,15,17,0,1,Male,Non-Minority,32,1054,1402,Yes,Non-Minority
E00058,Sydney Robinson,06/06/2020,01/04/2022,Promotion > New Job > Higher Level,Analyst I,Senior Associate,Manager,Senior Manager,155766.62,173661.44,Human Resources,Human Resources,17,17,1,1,Male,Non-Minority,32,429,1482,Yes,Non-Minority
E00384,Drew Brown,12/18/2019,08/12/2021,Lateral Move > New Job > Same Level,Manager,Analyst I,Senior Professional,Senior Professional,112290.59,113940.16,Human Resources,Human Resources,12,12,0,0,Female,Non-Minority,63,1657,549,Yes,Non-Minority
E00384,Drew Brown,12/18/2019,02/03/2021,Lateral Move > New Job > Same Level,Analyst I,Manager,Senior Professional,Senior Professional,113940.16,113878.1,Human Resources,Human Resources,12,12,0,0,Female,Non-Minority,63,827,100,No,Non-Minority
E00384,Drew Brown,12/18/2019,02/27/2023,Promotion > New Job > Higher Level,Manager,Coordinator,Senior Professional,Manager,113878.1,125289.35,Human Resources,Human Resources,12,13,0,1,Female,Non-Minority,63,231,552,Yes,Non-Minority
E00384,Drew Brown,12/18/2019,10/29/2024,Lateral Move > New Job > Same Level,Coordinator,Associate,Manager,Manager,125289.35,126500.57,Human Resources,Sales,13,13,1,1,Female,Non-Minority,63,516,764,Yes,Non-Minority
E00384,Drew Brown,12/18/2019,09/14/2022,Lateral Move > New Job > Same Level,Associate,Analyst I,Manager,Manager,126500.57,124527.05,Sales,Sales,13,13,1,1,Female,Non-Minority,63,1162,974,Yes,Non-Minority
E00319,Alex Lee,04/06/2011,02/02/2013,Promotion > New Job > Higher Level,Manager,Associate,Senior Professional,Manager,125644.67,147767.7,Sales,Product,14,16,0,1,Female,Non-Minority,22,877,201,Yes,Non-Minority
E00422,Cameron Harris,11/07/2016,07/31/2018,Promotion > New Job > Higher Level,Analyst II,Director,Director,VP,105487.95,125692.28,Product,Product,11,12,1,1,Female,Minority,39,1078,285,Yes,Minority
E00422,Cameron Harris,11/07/2016,08/09/2019,Promotion > New Job > Higher Level,Director,Consultant,VP,VP,125692.28,142892.03,Product,Finance,12,14,1,1,Female,Minority,39,248,862,No,Minority
E00422,Cameron Harris,11/07/2016,08/10/2019,Demotion > New Job > Lower Level,Consultant,Coordinator,VP,Director,142892.03,137992.39,Finance,Finance,14,13,1,1,Female,Minority,39,441,216,Yes,Minority
E00115,River Lee,04/20/2022,05/18/2023,Lateral Move > New Job > Same Level,Senior Associate,Analyst II,Senior Manager,Senior Manager,124400.8,124538.01,Supply Chain,Supply Chain,15,15,1,1,Male,Minority,51,388,1477,No,Minority
E00115,River Lee,04/20/2022,06/16/2023,Promotion > New Job > Higher Level,Analyst II,Analyst II,Senior Manager,Director,124538.01,136274.16,Supply Chain,Supply Chain,15,16,1,1,Male,Minority,51,1444,931,Yes,Minority
E00115,River Lee,04/20/2022,08/09/2024,Lateral Move > New Job > Same Level,Analyst II,Director,Director,Director,136274.16,141796.1,Supply Chain,Supply Chain,16,16,1,1,Male,Minority,51,201,1018,No,Minority
E00242,Blake Hall,02/02/2018,09/09/2019,Lateral Move > New Job > Same Level,Senior Associate,Specialist,Entry,Entry,89919.25,93659.5,Finance,Finance,9,9,0,0,Female,Non-Minority,28,1513,1473,Yes,Non-Minority
E00242,Blake Hall,02/02/2018,02/28/2019,Promotion > New Job > Higher Level,Specialist,Analyst II,Entry,Professional,93659.5,105608.76,Finance,Finance,9,11,0,0,Female,Non-Minority,28,390,115,Yes,Non-Minority
E00242,Blake Hall,02/02/2018,06/20/2019,Promotion > New Job > Higher Level,Analyst II,Senior Associate,Professional,Senior Professional,105608.76,125215.61,Finance,Customer Service,11,12,0,0,Female,Non-Minority,28,907,952,Yes,Non-Minority
E00242,Blake Hall,02/02/2018,10/14/2021,Lateral Move > New Job > Same Level,Senior Associate,Associate,Senior Professional,Senior Professional,125215.61,129062.69,Customer Service,Customer Service,12,12,0,0,Female,Non-Minority,28,461,180,Yes,Non-Minority
E00306,Riley Allen,08/28/2014,11/01/2015,Lateral Move > New Job > Same Level,Senior Director,Senior Director,Professional,Professional,94116.93,94287.91,Product,Product,9,9,0,0,Male,Non-Minority,41,1724,822,Yes,Non-Minority
E00331,Parker Williams,06/12/2013,04/06/2015,Promotion > New Job > Higher Level,Senior Associate,Specialist,Professional,Senior Professional,96505.54,103464.69,Finance,Finance,10,11,0,0,Female,Non-Minority,64,776,845,Yes,Non-Minority
E00331,Parker Williams,06/12/2013,06/20/2014,Promotion > New Job > Higher Level,Specialist,Administrator,Senior Professional,Manager,103464.69,109527.48,Finance,Finance,11,12,0,1,Female,Non-Minority,64,1325,201,Yes,Non-Minority
E00331,Parker Williams,06/12/2013,10/23/2016,Demotion > New Job > Lower Level,Administrator,Senior Director,Manager,Senior Professional,109527.48,97993.81,Finance,Finance,12,11,1,0,Female,Non-Minority,64,592,230,No,Non-Minority
E00253,Kendall Davis,01/16/2022,04/22/2023,Promotion > New Job > Higher Level,Senior Director,Director,Entry,Professional,88057.35,101637.31,IT,IT,6,8,0,0,Female,Non-Minority,64,1598,768,Yes,Non-Minority
E00253,Kendall Davis,01/16/2022,08/30/2024,Demotion > New Job > Lower Level,Director,Senior Associate,Professional,Entry,101637.31,93871.47,IT,IT,8,7,0,0,Female,Non-Minority,64,1037,763,Yes,Non-Minority
E00253,Kendall Davis,01/16/2022,12/14/2023,Promotion > New Job > Higher Level,Senior Associate,Analyst I,Entry,Professional,93871.47,104961.94,IT,IT,7,8,0,0,Female,Non-Minority,64,1195,539,Yes,Non-Minority
E00008,Jamie Scott,08/31/2013,07/24/2015,Demotion > New Job > Lower Level,Senior Director,Associate,Senior Professional,Professional,121379.51,106691.77,Product,IT,11,10,0,0,Male,Minority,57,669,1074,Yes,Minority
E00139,Kendall Anderson,05/13/2018,10/29/2019,Promotion > New Job > Higher Level,Senior Director,Specialist,Professional,Senior Professional,105820.44,114370.46,Engineering,Finance,11,13,0,0,Male,Non-Minority,60,200,241,No,Non-Minority
E00139,Kendall Anderson,05/13/2018,05/13/2020,Promotion > New Job > Higher Level,Specialist,Associate,Senior Professional,Manager,114370.46,129605.03,Finance,Product,13,14,0,1,Male,Non-Minority,60,1472,1289,Yes,Non-Minority
E00139,Kendall Anderson,05/13/2018,05/19/2021,Promotion > New Job > Higher Level,Associate,Senior Analyst,Manager,Senior Manager,129605.03,155046.03,Product,Engineering,14,15,1,1,Male,Non-Minority,60,628,626,No,Non-Minority
E00139,Kendall Anderson,05/13/2018,05/03/2020,Promotion > New Job > Higher Level,Senior Analyst,Analyst I,Senior Manager,Director,155046.03,182509.35,Engineering,Sales,15,17,1,1,Male,Non-Minority,60,540,626,No,Non-Minority
E00139,Kendall Anderson,05/13/2018,12/06/2019,Lateral Move > New Job > Same Level,Analyst I,Senior Specialist,Director,Director,182509.35,179127.37,Sales,Sales,17,17,1,1,Male,Non-Minority,60,1521,317,Yes,Non-Minority
E00139,Kendall Anderson,05/13/2018,02/27/2023,Demotion > New Job > Lower Level,Senior Specialist,Associate,Director,Senior Manager,179127.37,174057.14,Sales,Sales,17,16,1,1,Male,Non-Minority,60,937,852,Yes,Non-Minority
E00475,Finley Thompson,08/26/2022,11/21/2023,Promotion > New Job > Higher Level,Associate,Consultant,Senior Manager,Director,119315.94,141002.59,Legal,Marketing,14,16,1,1,Female,Minority,27,447,478,Yes,Minority
E00475,Finley Thompson,08/26/2022,03/09/2024,Promotion > New Job > Higher Level,Consultant,Senior Specialist,Director,VP,141002.59,162738.57,Marketing,Marketing,16,17,1,1,Female,Minority,27,1482,590,Yes,Minority
E00475,Finley Thompson,08/26/2022,11/28/2023,Promotion > New Job > Higher Level,Senior Specialist,Specialist,VP,VP,162738.57,191732.94,Marketing,Marketing,17,17,1,1,Female,Minority,27,686,199,Yes,Minority
E00062,Finley Jackson,01/22/2016,03/26/2017,Lateral Move > New Job > Same Level,Senior Specialist,Consultant,Professional,Professional,101490.39,105509.94,IT,IT,13,13,0,0,Male,Non-Minority,59,1181,518,Yes,Non-Minority
E00062,Finley Jackson,01/22/2016,04/14/2017,Demotion > New Job > Lower Level,Consultant,Director,Professional,Entry,105509.94,100446.15,IT,IT,13,12,0,0,Male,Non-Minority,59,312,432,Yes,Non-Minority
E00062,Finley Jackson,01/22/2016,11/28/2019,Promotion > New Job > Higher Level,Director,Senior Manager,Entry,Professional,100446.15,116788.36,IT,IT,12,14,0,0,Male,Non-Minority,59,946,1111,Yes,Non-Minority
E00230,Quinn Lee,07/11/2011,03/04/2013,Promotion > New Job > Higher Level,Manager,VP,Entry,Professional,72674.8,79816.8,Supply Chain,Supply Chain,7,8,0,0,Male,Non-Minority,45,1169,1103,Yes,Non-Minority
E00230,Quinn Lee,07/11/2011,11/07/2013,Lateral Move > New Job > Same Level,VP,Consultant,Professional,Professional,79816.8,79719.7,Supply Chain,Supply Chain,8,8,0,0,Male,Non-Minority,45,1799,1285,No,Non-Minority
E00230,Quinn Lee,07/11/2011,09/22/2012,Demotion > New Job > Lower Level,Consultant,Manager,Professional,Entry,79719.7,69909.07,Supply Chain,Supply Chain,8,7,0,0,Male,Non-Minority,45,660,900,Yes,Non-Minority
E00230,Quinn Lee,07/11/2011,09/30/2013,Lateral Move > New Job > Same Level,Manager,Director,Entry,Entry,69909.07,70008.34,Supply Chain,Supply Chain,7,7,0,0,Male,Non-Minority,45,501,856,Yes,Non-Minority
E00230,Quinn Lee,07/11/2011,12/13/2013,Promotion > New Job > Higher Level,Director,Senior Manager,Entry,Professional,70008.34,74919.39,Supply Chain,Product,7,8,0,0,Male,Non-Minority,45,900,561,No,Non-Minority
E00295,Blake Garcia,03/16/2021,04/06/2022,Lateral Move > New Job > Same Level,Senior Associate,Senior Specialist,Professional,Professional,145150.88,146975.1,Risk Management,Risk Management,14,14,0,0,Female,Non-Minority,28,1103,1047,Yes,Non-Minority
E00295,Blake Garcia,03/16/2021,06/01/2023,Promotion > New Job > Higher Level,Senior Specialist,Senior Associate,Professional,Senior Professional,146975.1,162426.12,Risk Management,Risk Management,14,16,0,0,Female,Non-Minority,28,963,140,Yes,Non-Minority
E00295,Blake Garcia,03/16/2021,03/18/2023,Lateral Move > New Job > Same Level,Senior Associate,Specialist,Senior Professional,Senior Professional,162426.12,164199.52,Risk Management,Human Resources,16,16,0,0,Female,Non-Minority,28,348,693,Yes,Non-Minority
E00244,Kendall Williams,04/12/2010,01/16/2012,Demotion > New Job > Lower Level,VP,Consultant,Entry,Entry,101275.9,94558.78,Engineering,Engineering,11,10,0,0,Female,Minority,57,646,291,Yes,Minority
E00244,Kendall Williams,04/12/2010,08/11/2011,Promotion > New Job > Higher Level,Consultant,Specialist,Entry,Professional,94558.78,104396.25,Engineering,Engineering,10,11,0,0,Female,Minority,57,582,1472,Yes,Minority
E00244,Kendall Williams,04/12/2010,02/14/2013,Promotion > New Job > Higher Level,Specialist,Senior Director,Professional,Senior Professional,104396.25,114356.42,Engineering,Engineering,11,13,0,0,Female,Minority,57,742,480,Yes,Minority
E00244,Kendall Williams,04/12/2010,03/27/2015,Lateral Move > New Job > Same Level,Senior Director,Coordinator,Senior Professional,Senior Professional,114356.42,116904.55,Engineering,Risk Management,13,13,0,0,Female,Minority,57,1646,1202,No,Minority
E00244,Kendall Williams,04/12/2010,09/27/2012,Demotion > New Job > Lower Level,Coordinator,Specialist,Senior Professional,Professional,116904.55,99498.56,Risk Management,Risk Management,13,12,0,0,Female,Minority,57,1783,917,No,Minority
E00356,Blake Lee,12/28/2021,10/20/2023,Lateral Move > New Job > Same Level,Senior Associate,Senior Manager,Manager,Manager,134406.96,138848.63,Research,Research,17,17,1,1,Male,Non-Minority,32,1738,395,Yes,Non-Minority
E00356,Blake Lee,12/28/2021,02/08/2024,Lateral Move > New Job > Same Level,Senior Manager,Associate,Manager,Manager,138848.63,138283.58,Research,Research,17,17,1,1,Male,Non-Minority,32,1151,568,Yes,Non-Minority
E00149,Taylor Scott,02/13/2016,11/21/2017,Promotion > New Job > Higher Level,Associate,Coordinator,Manager,Senior Manager,114066.72,132132.21,Product,Product,12,14,1,1,Female,Minority,50,355,731,Yes,Minority
E00149,Taylor Scott,02/13/2016,08/23/2017,Promotion > New Job > Higher Level,Coordinator,Associate,Senior Manager,Director,132132.21,154002.69,Product,Product,14,16,1,1,Female,Minority,50,1078,1011,Yes,Minority
E00149,Taylor Scott,02/13/2016,04/14/2017,Demotion > New Job > Lower Level,Associate,Senior Analyst,Director,Senior Manager,154002.69,138403.91,Product,Product,16,15,1,1,Female,Minority,50,805,109,Yes,Minority
E00149,Taylor Scott,02/13/2016,12/02/2019,Promotion > New Job > Higher Level,Senior Analyst,Senior Director,Senior Manager,Director,138403.91,152379.01,Product,Product,15,17,1,1,Female,Minority,50,1721,916,Yes,Minority
E00149,Taylor Scott,02/13/2016,05/24/2021,Promotion > New Job > Higher Level,Senior Director,Analyst I,Director,VP,152379.01,167451.11,Product,Communications,17,17,1,1,Female,Minority,50,464,404,Yes,Minority
E00055,Jamie Thomas,08/13/2019,05/29/2021,Promotion > New Job > Higher Level,Specialist,Analyst II,Entry,Professional,113388.38,135728.82,Marketing,Legal,12,14,0,0,Male,Non-Minority,35,1274,881,Yes,Non-Minority
E00055,Jamie Thomas,08/13/2019,02/20/2021,Promotion > New Job > Higher Level,Analyst II,Manager,Professional,Senior Professional,135728.82,144727.06,Legal,Legal,14,16,0,0,Male,Non-Minority,35,1488,713,Yes,Non-Minority
E00055,Jamie Thomas,08/13/2019,02/18/2021,Lateral Move > New Job > Same Level,Manager,Senior Analyst,Senior Professional,Senior Professional,144727.06,143569.19,Legal,Legal,16,16,0,0,Male,Non-Minority,35,245,1325,Yes,Non-Minority
E00343,Drew Young,08/28/2020,09/10/2021,Promotion > New Job > Higher Level,Coordinator,Senior Specialist,Manager,Senior Manager,122564.21,132350.94,Engineering,Engineering,15,16,1,1,Female,Non-Minority,41,761,511,Yes,Non-Minority
E00343,Drew Young,08/28/2020,04/23/2022,Lateral Move > New Job > Same Level,Senior Specialist,Manager,Senior Manager,Senior Manager,132350.94,132400.89,Engineering,Engineering,16,16,1,1,Female,Non-Minority,41,297,844,Yes,Non-Minority
E00343,Drew Young,08/28/2020,07/24/2024,Promotion > New Job > Higher Level,Manager,Senior Specialist,Senior Manager,Director,132400.89,142433.42,Engineering,Engineering,16,17,1,1,Female,Non-Minority,41,980,411,Yes,Non-Minority
E00343,Drew Young,08/28/2020,04/11/2022,Promotion > New Job > Higher Level,Senior Specialist,Analyst II,Director,VP,142433.42,161016.42,Engineering,Engineering,17,17,1,1,Female,Non-Minority,41,976,512,Yes,Non-Minority
E00344,Sydney Moore,03/15/2012,06/28/2013,Promotion > New Job > Higher Level,Director,Manager,Professional,Senior Professional,106168.89,118360.27,Engineering,Engineering,12,14,0,0,Female,Non-Minority,63,505,1326,No,Non-Minority
E00344,Sydney Moore,03/15/2012,10/24/2014,Lateral Move > New Job > Same Level,Manager,Senior Manager,Senior Professional,Senior Professional,118360.27,123774.16,Engineering,Engineering,14,14,0,0,Female,Non-Minority,63,1647,1492,Yes,Non-Minority
E00095,Addison Thomas,01/15/2014,06/05/2015,Promotion > New Job > Higher Level,Director,Administrator,Professional,Senior Professional,78212.6,82210.55,Marketing,Human Resources,7,8,0,0,Female,Non-Minority,65,997,1328,Yes,Non-Minority
E00095,Addison Thomas,01/15/2014,09/24/2015,Demotion > New Job > Lower Level,Administrator,Consultant,Senior Professional,Professional,82210.55,75498.99,Human Resources,Human Resources,8,7,0,0,Female,Non-Minority,65,1185,1032,No,Non-Minority
E00095,Addison Thomas,01/15/2014,08/19/2017,Promotion > New Job > Higher Level,Consultant,Specialist,Professional,Senior Professional,75498.99,87623.65,Human Resources,Product,7,8,0,0,Female,Non-Minority,65,1614,699,No,Non-Minority
E00095,Addison Thomas,01/15/2014,03/25/2017,Promotion > New Job > Higher Level,Specialist,VP,Senior Professional,Manager,87623.65,97460.1,Product,IT,8,9,0,1,Female,Non-Minority,65,1064,1027,Yes,Non-Minority
E00424,Emery Wright,10/09/2014,09/10/2016,Lateral Move > New Job > Same Level,Senior Manager,Senior Specialist,Entry,Entry,118035.67,117190.66,Finance,Finance,13,13,0,0,Female,Non-Minority,52,1610,179,Yes,Non-Minority
E00424,Emery Wright,10/09/2014,06/10/2016,Demotion > New Job > Lower Level,Senior Specialist,Senior Manager,Entry,Entry,117190.66,113103.1,Finance,Research,13,12,0,0,Female,Non-Minority,52,777,1455,Yes,Non-Minority
E00424,Emery Wright,10/09/2014,02/22/2016,Promotion > New Job > Higher Level,Senior Manager,Coordinator,Entry,Professional,113103.1,134175.39,Research,Research,12,13,0,0,Female,Non-Minority,52,1312,338,No,Non-Minority
E00424,Emery Wright,10/09/2014,11/02/2017,Demotion > New Job > Lower Level,Coordinator,Coordinator,Professional,Entry,134175.39,115384.04,Research,Communications,13,12,0,0,Female,Non-Minority,52,847,929,Yes,Non-Minority
E00363,Alex Johnson,01/18/2019,04/11/2020,Promotion > New Job > Higher Level,Senior Manager,Analyst II,Senior Manager,Director,134486.9,145394.57,Legal,Finance,17,17,1,1,Female,Non-Minority,34,1488,1473,Yes,Non-Minority
E00363,Alex Johnson,01/18/2019,05/04/2021,Promotion > New Job > Higher Level,Analyst II,Associate,Director,VP,145394.57,160159.19,Finance,Finance,17,17,1,1,Female,Non-Minority,34,992,167,No,Non-Minority
E00363,Alex Johnson,01/18/2019,02/08/2020,Demotion > New Job > Lower Level,Associate,Senior Analyst,VP,Director,160159.19,141353.1,Finance,Finance,17,16,1,1,Female,Non-Minority,34,849,1462,Yes,Non-Minority
E00363,Alex Johnson,01/18/2019,08/25/2022,Promotion > New Job > Higher Level,Senior Analyst,Associate,Director,VP,141353.1,158202.89,Finance,Research,16,17,1,1,Female,Non-Minority,34,1641,986,Yes,Non-Minority
E00496,Quinn Brown,07/01/2011,02/26/2013,Demotion > New Job > Lower Level,Manager,Senior Analyst,Senior Professional,Professional,79791.68,76333.15,Finance,Finance,7,6,0,0,Male,Non-Minority,34,216,1333,Yes,Non-Minority
E00496,Quinn Brown,07/01/2011,10/10/2012,Promotion > New Job > Higher Level,Senior Analyst,Senior Specialist,Professional,Senior Professional,76333.15,83517.76,Finance,Finance,6,7,0,0,Male,Non-Minority,34,524,248,Yes,Non-Minority
E00465,Marley Clark,11/01/2014,11/06/2015,Promotion > New Job > Higher Level,Analyst II,Associate,Professional,Senior Professional,93567.37,100400.08,Risk Management,Risk Management,9,11,0,0,Male,Non-Minority,50,1643,160,Yes,Non-Minority
E00465,Marley Clark,11/01/2014,09/22/2017,Promotion > New Job > Higher Level,Associate,Coordinator,Senior Professional,Manager,100400.08,112077.48,Risk Management,Research,11,12,0,1,Male,Non-Minority,50,1250,1402,No,Non-Minority
E00465,Marley Clark,11/01/2014,05/29/2016,Demotion > New Job > Lower Level,Coordinator,Analyst I,Manager,Senior Professional,112077.48,100957.2,Research,Research,12,11,1,0,Male,Non-Minority,50,1405,99,Yes,Non-Minority
E00465,Marley Clark,11/01/2014,02/08/2016,Promotion > New Job > Higher Level,Analyst I,Specialist,Senior Professional,Manager,100957.2,117621.92,Research,Research,11,13,0,1,Male,Non-Minority,50,668,499,Yes,Non-Minority
E00465,Marley Clark,11/01/2014,05/06/2016,Lateral Move > New Job > Same Level,Specialist,Specialist,Manager,Manager,117621.92,115401.53,Research,Finance,13,13,1,1,Male,Non-Minority,50,573,1482,Yes,Non-Minority
E00465,Marley Clark,11/01/2014,07/16/2016,Demotion > New Job > Lower Level,Specialist,Coordinator,Manager,Senior Professional,115401.53,101400.3,Finance,Finance,13,12,1,0,Male,Non-Minority,50,1540,433,Yes,Non-Minority
E00407,Charlie Anderson,10/07/2023,12/30/2024,Promotion > New Job > Higher Level,Senior Specialist,Specialist,Professional,Senior Professional,76724.32,85344.45,IT,Operations,8,9,0,0,Female,Non-Minority,29,1331,1373,No,Non-Minority
E00457,Addison Thompson,01/18/2021,05/04/2022,Demotion > New Job > Lower Level,Analyst I,Senior Specialist,Manager,Senior Professional,102723.66,99792.19,IT,IT,10,9,1,0,Female,Minority,52,427,565,Yes,Minority
E00457,Addison Thompson,01/18/2021,08/24/2022,Promotion > New Job > Higher Level,Senior Specialist,Senior Director,Senior Professional,Manager,99792.19,110119.33,IT,Legal,9,10,0,1,Female,Minority,52,827,114,Yes,Minority
E00457,Addison Thompson,01/18/2021,03/25/2024,Promotion > New Job > Higher Level,Senior Director,Senior Associate,Manager,Senior Manager,110119.33,123203.31,Legal,Risk Management,10,11,1,1,Female,Minority,52,1511,1367,Yes,Minority
E00457,Addison Thompson,01/18/2021,02/12/2024,Promotion > New Job > Higher Level,Senior Associate,Coordinator,Senior Manager,Director,123203.31,130607.79,Risk Management,Engineering,11,12,1,1,Female,Minority,52,1406,1113,No,Minority
E00457,Addison Thompson,01/18/2021,08/14/2022,Promotion > New Job > Higher Level,Coordinator,Senior Director,Director,VP,130607.79,142073.98,Engineering,Operations,12,13,1,1,Female,Minority,52,1606,885,Yes,Minority
E00144,Rowan Hall,06/23/2013,06/13/2015,Lateral Move > New Job > Same Level,Senior Manager,Consultant,Entry,Entry,84000.63,83102.26,Human Resources,Communications,9,9,0,0,Female,Minority,55,1588,741,Yes,Minority
E00144,Rowan Hall,06/23/2013,05/05/2016,Lateral Move > New Job > Same Level,Consultant,Director,Entry,Entry,83102.26,84244.84,Communications,Communications,9,9,0,0,Female,Minority,55,1378,1009,Yes,Minority
E00144,Rowan Hall,06/23/2013,08/14/2016,Promotion > New Job > Higher Level,Director,Analyst I,Entry,Professional,84244.84,94818.66,Communications,Communications,9,10,0,0,Female,Minority,55,656,133,Yes,Minority
E00144,Rowan Hall,06/23/2013,12/06/2017,Lateral Move > New Job > Same Level,Analyst I,VP,Professional,Professional,94818.66,97959.61,Communications,Sales,10,10,0,0,Female,Minority,55,1057,588,Yes,Minority
E00144,Rowan Hall,06/23/2013,12/13/2017,Lateral Move > New Job > Same Level,VP,Senior Associate,Professional,Professional,97959.61,96544.81,Sales,Product,10,10,0,0,Female,Minority,55,593,400,Yes,Minority
E00144,Rowan Hall,06/23/2013,09/09/2018,Promotion > New Job > Higher Level,Senior Associate,Director,Professional,Senior Professional,96544.81,110669.88,Product,Supply Chain,10,11,0,0,Female,Minority,55,1088,763,Yes,Minority
E00276,Jamie Anderson,08/21/2019,01/09/2021,Demotion > New Job > Lower Level,Administrator,Analyst I,Entry,Entry,78311.14,69797.15,Risk Management,Risk Management,8,7,0,0,Male,Minority,40,1246,939,No,Minority
E00276,Jamie Anderson,08/21/2019,06/14/2022,Promotion > New Job > Higher Level,Analyst I,Specialist,Entry,Professional,69797.15,81144.95,Risk Management,Supply Chain,7,9,0,0,Male,Minority,40,881,586,Yes,Minority
E00015,Elliot Smith,05/22/2018,02/22/2020,Promotion > New Job > Higher Level,Director,Associate,Senior Professional,Manager,102713.64,121817.84,Communications,Communications,7,8,0,1,Female,Non-Minority,42,1587,545,Yes,Non-Minority
E00015,Elliot Smith,05/22/2018,02/02/2021,Promotion > New Job > Higher Level,Associate,Analyst I,Manager,Senior Manager,121817.84,137437.42,Communications,Research,8,10,1,1,Female,Non-Minority,42,312,1096,No,Non-Minority
E00335,Marley Lee,03/25/2023,06/30/2024,Demotion > New Job > Lower Level,Senior Specialist,Associate,Senior Manager,Manager,103129.79,88358.91,Sales,Sales,10,9,1,1,Female,Non-Minority,56,437,277,Yes,Non-Minority
E00305,Morgan Garcia,01/20/2013,11/19/2014,Promotion > New Job > Higher Level,Manager,Manager,Manager,Senior Manager,101660.1,110346.6,Communications,Supply Chain,11,12,1,1,Male,Non-Minority,51,817,426,No,Non-Minority
E00305,Morgan Garcia,01/20/2013,08/10/2014,Lateral Move > New Job > Same Level,Manager,Senior Associate,Senior Manager,Senior Manager,110346.6,110031.53,Supply Chain,Sales,12,12,1,1,Male,Non-Minority,51,764,1270,Yes,Non-Minority
E00026,Jordan Johnson,12/28/2022,11/17/2024,Promotion > New Job > Higher Level,Director,Analyst II,Manager,Senior Manager,107282.69,117021.72,Supply Chain,Supply Chain,10,11,1,1,Male,Non-Minority,52,916,905,Yes,Non-Minority
E00090,Addison King,10/31/2012,06/29/2014,Promotion > New Job > Higher Level,Manager,Senior Specialist,Director,VP,128361.29,142918.05,Customer Service,Customer Service,15,17,1,1,Female,Non-Minority,28,1737,409,Yes,Non-Minority
E00090,Addison King,10/31/2012,03/08/2015,Promotion > New Job > Higher Level,Senior Specialist,Analyst II,VP,VP,142918.05,166397.97,Customer Service,Customer Service,17,17,1,1,Female,Non-Minority,28,1734,704,Yes,Non-Minority
E00469,Avery Anderson,08/08/2011,05/09/2013,Promotion > New Job > Higher Level,Specialist,Manager,Senior Manager,Director,115203.07,130516.76,Human Resources,Legal,12,13,1,1,Male,Non-Minority,63,806,1018,Yes,Non-Minority
E00469,Avery Anderson,08/08/2011,05/24/2013,Promotion > New Job > Higher Level,Manager,Specialist,Director,VP,130516.76,148047.94,Legal,Legal,13,15,1,1,Male,Non-Minority,63,459,1051,No,Non-Minority
E00469,Avery Anderson,08/08/2011,09/11/2013,Lateral Move > New Job > Same Level,Specialist,Administrator,VP,VP,148047.94,146690.45,Legal,Finance,15,15,1,1,Male,Non-Minority,63,1205,856,Yes,Non-Minority
E00469,Avery Anderson,08/08/2011,05/10/2015,Promotion > New Job > Higher Level,Administrator,VP,VP,VP,146690.45,174393.48,Finance,Finance,15,17,1,1,Male,Non-Minority,63,944,876,No,Non-Minority
E00469,Avery Anderson,08/08/2011,05/06/2015,Promotion > New Job > Higher Level,VP,Senior Specialist,VP,VP,174393.48,199882.36,Finance,Finance,17,17,1,1,Male,Non-Minority,63,259,344,Yes,Non-Minority
E00320,Jordan Smith,08/23/2017,06/08/2019,Promotion > New Job > Higher Level,Senior Analyst,Senior Associate,Senior Professional,Manager,88687.44,95705.65,Supply Chain,Supply Chain,7,8,0,1,Male,Non-Minority,59,1759,803,Yes,Non-Minority
E00320,Jordan Smith,08/23/2017,01/26/2020,Promotion > New Job > Higher Level,Senior Associate,Analyst I,Manager,Senior Manager,95705.65,109606.6,Supply Chain,Supply Chain,8,10,1,1,Male,Non-Minority,59,1513,879,No,Non-Minority
E00320,Jordan Smith,08/23/2017,01/07/2021,Lateral Move > New Job > Same Level,Analyst I,Consultant,Senior Manager,Senior Manager,109606.6,113058.82,Supply Chain,Finance,10,10,1,1,Male,Non-Minority,59,920,1382,Yes,Non-Minority
E00320,Jordan Smith,08/23/2017,08/09/2022,Demotion > New Job > Lower Level,Consultant,Senior Director,Senior Manager,Manager,113058.82,106041.86,Finance,Finance,10,9,1,1,Male,Non-Minority,59,482,625,Yes,Non-Minority
E00131,Addison Martinez,03/18/2023,11/05/2024,Promotion > New Job > Higher Level,VP,Senior Director,Manager,Senior Manager,92189.92,100315.84,Customer Service,Customer Service,11,12,1,1,Male,Minority,43,510,115,Yes,Minority
E00131,Addison Martinez,03/18/2023,07/14/2024,Lateral Move > New Job > Same Level,Senior Director,Consultant,Senior Manager,Senior Manager,100315.84,103723.37,Customer Service,Customer Service,12,12,1,1,Male,Minority,43,967,904,Yes,Minority
E00131,Addison Martinez,03/18/2023,08/28/2024,Promotion > New Job > Higher Level,Consultant,Senior Associate,Senior Manager,Director,103723.37,122538.89,Customer Service,Legal,12,13,1,1,Male,Minority,43,1596,708,Yes,Minority
E00177,Finley Jackson,05/06/2011,04/07/2013,Lateral Move > New Job > Same Level,Associate,VP,Senior Professional,Senior Professional,98196.19,102326.87,Marketing,Marketing,12,12,0,0,Male,Non-Minority,43,1022,272,Yes,Non-Minority
E00177,Finley Jackson,05/06/2011,08/24/2012,Promotion > New Job > Higher Level,VP,Consultant,Senior Professional,Manager,102326.87,119940.82,Marketing,Sales,12,14,0,1,Male,Non-Minority,43,1712,905,Yes,Non-Minority
E00177,Finley Jackson,05/06/2011,01/25/2014,Promotion > New Job > Higher Level,Consultant,Analyst I,Manager,Senior Manager,119940.82,143695.56,Sales,Sales,14,15,1,1,Male,Non-Minority,43,378,233,Yes,Non-Minority
E00177,Finley Jackson,05/06/2011,03/31/2016,Demotion > New Job > Lower Level,Analyst I,Senior Associate,Senior Manager,Manager,143695.56,129946.65,Sales,Sales,15,14,1,1,Male,Non-Minority,43,1681,972,Yes,Non-Minority
E00177,Finley Jackson,05/06/2011,04/19/2013,Promotion > New Job > Higher Level,Senior Associate,Associate,Manager,Senior Manager,129946.65,143746.69,Sales,Sales,14,15,1,1,Male,Non-Minority,43,1176,462,Yes,Non-Minority
E00461,Riley Martin,07/28/2020,09/22/2021,Promotion > New Job > Higher Level,Senior Specialist,Analyst I,Senior Professional,Manager,103106.13,117032.04,IT,Sales,10,12,0,1,Male,Non-Minority,35,1715,464,Yes,Non-Minority
E00461,Riley Martin,07/28/2020,02/09/2022,Lateral Move > New Job > Same Level,Analyst I,Senior Specialist,Manager,Manager,117032.04,116816.07,Sales,Sales,12,12,1,1,Male,Non-Minority,35,1082,1373,No,Non-Minority
E00461,Riley Martin,07/28/2020,03/08/2022,Lateral Move > New Job > Same Level,Senior Specialist,Analyst II,Manager,Manager,116816.07,121580.45,Sales,Engineering,12,12,1,1,Male,Non-Minority,35,953,345,Yes,Non-Minority
E00461,Riley Martin,07/28/2020,02/14/2023,Promotion > New Job > Higher Level,Analyst II,Manager,Manager,Senior Manager,121580.45,133899.32,Engineering,Engineering,12,13,1,1,Male,Non-Minority,35,1173,1467,Yes,Non-Minority
E00303,Morgan Lee,05/10/2018,05/14/2019,Promotion > New Job > Higher Level,Senior Analyst,Senior Director,Entry,Professional,82142.7,89528.32,Product,Product,6,7,0,0,Female,Non-Minority,62,1372,175,Yes,Non-Minority
E00085,Marley Martin,06/15/2013,10/01/2014,Lateral Move > New Job > Same Level,Manager,Senior Manager,Professional,Professional,88793.63,90264.36,Customer Service,IT,9,9,0,0,Male,Minority,37,1739,634,Yes,Minority
