candidate_id,resume_text,years_experience,education_level,gpa,internal_candidate,referral,num_skills_listed,department_applied,source,outcome_90day_vol
C0001,"EDUCATION: Bachelor of Arts in Psychology. EXPERIENCE: 12 years of professional experience. Managed a team of 10 employees in IT department. Responsible for Python and Python. Collaborated with cross-functional teams on Python and communication projects. Led communication initiatives resulting in improved operational efficiency across Research. SKILLS: communication, stakeholder management, Python.",12,Bachelor of Arts,3.82,0,0,3,Research,Referral,0
C0002,"EDUCATION: Master of Science in Human Resources. EXPERIENCE: 19 years of professional experience. Developed and implemented budgeting strategies for the Sales division. Spearheaded process improvement programs that enhanced budgeting outcomes. Collaborated with cross-functional teams on training development and training development projects. SKILLS: budgeting, quality assurance, problem solving, SQL, process improvement, business development, training development.",19,Master of Science,3.02,0,0,7,Human Resources,Campus,0
C0003,"EDUCATION: Bachelor of Arts in Psychology. EXPERIENCE: 17 years of professional experience. Spearheaded risk assessment programs that enhanced communication outcomes. Collaborated with cross-functional teams on communication and risk assessment projects. Collaborated with cross-functional teams on communication and budgeting projects. SKILLS: risk assessment, communication, budgeting.",17,Bachelor of Arts,2.69,0,1,3,Product,Campus,0
C0004,"EDUCATION: Bachelor of Science in Finance. EXPERIENCE: 5 years of professional experience. Developed and implemented data analysis strategies for the Research division. Managed a team of 11 employees in Marketing department. Responsible for stakeholder management and business development. Spearheaded stakeholder management programs that enhanced project management outcomes. SKILLS: project management, stakeholder management, process improvement, business development, data analysis.",5,Bachelor of Science,3.21,0,1,5,Operations,Referral,0
C0005,"EDUCATION: Bachelor of Science in Finance. EXPERIENCE: 10 years of professional experience. Developed and implemented customer service strategies for the IT division. Designed and executed stakeholder management frameworks supporting Research objectives. Led stakeholder management initiatives resulting in improved operational efficiency across Customer Service. Developed and implemented customer service strategies for the Engineering division. SKILLS: agile methodology, stakeholder management, business development, customer service.",10,Bachelor of Science,3.06,0,1,4,Risk Management,Referral,0
C0006,"EDUCATION: Bachelor of Arts in Communications. EXPERIENCE: 15 years of professional experience. Collaborated with cross-functional teams on budgeting and budgeting projects. Managed a team of 20 employees in Finance department. Responsible for budgeting and customer service. Designed and executed quality assurance frameworks supporting IT objectives. SKILLS: customer service, communication, quality assurance, budgeting, strategic planning, SQL.",15,Bachelor of Arts,3.37,0,1,6,Operations,Job Board,1
C0007,"EDUCATION: Master of Science in Human Resources. EXPERIENCE: 5 years of professional experience. Oversaw data analysis operations and drove business development improvements. Managed a team of 4 employees in Engineering department. Responsible for business development and financial analysis. Spearheaded financial analysis programs that enhanced data analysis outcomes. SKILLS: business development, training development, financial analysis, data analysis.",5,Master of Science,3.54,1,0,4,Risk Management,Career Site,1
C0008,"EDUCATION: Bachelor of Science in Business Administration. EXPERIENCE: 23 years of professional experience. Spearheaded quality assurance programs that enhanced regulatory compliance outcomes. Led quality assurance initiatives resulting in improved operational efficiency across Research. SKILLS: customer service, regulatory compliance, quality assurance.",23,Bachelor of Science,2.95,0,0,3,Engineering,Career Site,0
C0009,"EDUCATION: Master of Business Administration. EXPERIENCE: 17 years of professional experience. Led financial analysis initiatives resulting in improved operational efficiency across Human Resources. Designed and executed regulatory compliance frameworks supporting Product objectives. SKILLS: project management, risk assessment, Microsoft Office, customer service, team leadership, business development, regulatory compliance, financial analysis.",17,Master of Business Administration,3.89,1,1,8,Engineering,Agency,0
C0010,"EDUCATION: Bachelor of Science in Accounting. EXPERIENCE: 4 years of professional experience. Led problem solving initiatives resulting in improved operational efficiency across Marketing. Oversaw budgeting operations and drove stakeholder management improvements. Oversaw SQL operations and drove SQL improvements. SKILLS: risk assessment, problem solving, Python, SQL, budgeting, stakeholder management.",4,Bachelor of Science,2.94,0,1,6,Research,Agency,0
C0011,"EDUCATION: Bachelor of Science in Finance. EXPERIENCE: 13 years of professional experience. Oversaw risk assessment operations and drove risk assessment improvements. Led risk assessment initiatives resulting in improved operational efficiency across Engineering. Spearheaded process improvement programs that enhanced risk assessment outcomes. SKILLS: regulatory compliance, risk assessment, process improvement.",13,Bachelor of Science,2.55,0,0,3,Research,Referral,0
C0012,"EDUCATION: Bachelor of Science in Finance. EXPERIENCE: 1 years of professional experience. Developed and implemented process improvement strategies for the Risk Management division. Oversaw budgeting operations and drove data analysis improvements. SKILLS: business development, budgeting, data analysis, process improvement, communication, Python, quality assurance, regulatory compliance.",1,Bachelor of Science,3.48,0,1,8,Operations,Referral,0
C0013,"EDUCATION: Bachelor of Science in Finance. EXPERIENCE: 13 years of professional experience. Designed and executed business development frameworks supporting Legal objectives. Spearheaded SQL programs that enhanced budgeting outcomes. SKILLS: regulatory compliance, strategic planning, budgeting, communication, SQL, agile methodology, training development, business development.",13,Bachelor of Science,3.55,0,0,8,IT,Job Board,0
C0014,"EDUCATION: Bachelor of Arts in Psychology. EXPERIENCE: 8 years of professional experience. Oversaw project management operations and drove team leadership improvements. Developed and implemented stakeholder management strategies for the Communications division. SKILLS: process improvement, regulatory compliance, agile methodology, team leadership, data analysis, project management, stakeholder management.",8,Bachelor of Arts,3.69,0,0,7,Human Resources,Job Board,0
C0015,"EDUCATION: Bachelor of Science in Accounting. EXPERIENCE: 9 years of professional experience. Managed a team of 5 employees in Product department. Responsible for team leadership and agile methodology. Led data analysis initiatives resulting in improved operational efficiency across Human Resources. SKILLS: agile methodology, stakeholder management, team leadership, data analysis.",9,Bachelor of Science,2.7,1,1,4,Research,Referral,0
C0016,"EDUCATION: Bachelor of Science in Finance. EXPERIENCE: 8 years of professional experience. Oversaw strategic planning operations and drove risk assessment improvements. Designed and executed risk assessment frameworks supporting Human Resources objectives. SKILLS: training development, Microsoft Office, regulatory compliance, SQL, risk assessment, Python, strategic planning.",8,Bachelor of Science,3.44,1,0,7,Research,Career Site,0
C0017,"EDUCATION: Bachelor of Science in Business Administration. EXPERIENCE: 12 years of professional experience. Spearheaded Microsoft Office programs that enhanced data analysis outcomes. Led Microsoft Office initiatives resulting in improved operational efficiency across Product. Spearheaded data analysis programs that enhanced data analysis outcomes. SKILLS: Microsoft Office, data analysis, communication.",12,Bachelor of Science,3.43,1,1,3,Customer Service,Referral,0
C0018,"EDUCATION: Master of Business Administration. EXPERIENCE: 19 years of professional experience. Led team leadership initiatives resulting in improved operational efficiency across Engineering. Collaborated with cross-functional teams on stakeholder management and team leadership projects. SKILLS: team leadership, budgeting, stakeholder management, agile methodology.",19,Master of Business Administration,2.84,0,1,4,Engineering,Career Site,0
C0019,"EDUCATION: Master of Business Administration. EXPERIENCE: 18 years of professional experience. Led financial analysis initiatives resulting in improved operational efficiency across IT. Collaborated with cross-functional teams on agile methodology and financial analysis projects. Collaborated with cross-functional teams on agile methodology and agile methodology projects. Developed and implemented process improvement strategies for the Engineering division. SKILLS: agile methodology, process improvement, team leadership, problem solving, financial analysis.",18,Master of Business Administration,3.83,1,0,5,Finance,Job Board,0
C0020,"EDUCATION: Master of Science in Data Analytics. EXPERIENCE: 16 years of professional experience. Designed and executed Microsoft Office frameworks supporting Operations objectives. Spearheaded data analysis programs that enhanced training development outcomes. SKILLS: Microsoft Office, training development, strategic planning, data analysis.",16,Master of Science,2.91,0,1,4,Finance,Career Site,0
C0021,"EDUCATION: Master of Science in Data Analytics. EXPERIENCE: 21 years of professional experience. Collaborated with cross-functional teams on data analysis and data analysis projects. Managed a team of 3 employees in Communications department. Responsible for data analysis and quality assurance. Spearheaded quality assurance programs that enhanced quality assurance outcomes. SKILLS: data analysis, risk assessment, quality assurance.",21,Master of Science,2.53,0,0,3,Product,Referral,0
C0022,"EDUCATION: Master of Science in Human Resources. EXPERIENCE: 23 years of professional experience. Spearheaded business development programs that enhanced agile methodology outcomes. Spearheaded agile methodology programs that enhanced business development outcomes. Collaborated with cross-functional teams on agile methodology and agile methodology projects. SKILLS: agile methodology, business development, communication.",23,Master of Science,3.38,0,0,3,Sales,Referral,0
C0023,"EDUCATION: Bachelor of Science in Business Administration. EXPERIENCE: 3 years of professional experience. Led data analysis initiatives resulting in improved operational efficiency across Marketing. Developed and implemented stakeholder management strategies for the IT division. SKILLS: training development, regulatory compliance, data analysis, project management, Python, stakeholder management.",3,Bachelor of Science,4.0,0,0,6,Marketing,Referral,0
C0024,"EDUCATION: Master of Science in Data Analytics. EXPERIENCE: 16 years of professional experience. Oversaw risk assessment operations and drove team leadership improvements. Oversaw SQL operations and drove quality assurance improvements. Developed and implemented customer service strategies for the Customer Service division. Oversaw agile methodology operations and drove agile methodology improvements. SKILLS: agile methodology, risk assessment, customer service, team leadership, quality assurance, communication, SQL.",16,Master of Science,3.02,1,1,7,Legal,Career Site,0
C0025,"EDUCATION: Master of Science in Data Analytics. EXPERIENCE: 10 years of professional experience. Spearheaded budgeting programs that enhanced SQL outcomes. Managed a team of 10 employees in Supply Chain department. Responsible for training development and training development. Managed a team of 3 employees in Product department. Responsible for business development and Microsoft Office. Developed and implemented risk assessment strategies for the Engineering division. SKILLS: business development, risk assessment, SQL, team leadership, Microsoft Office, budgeting, quality assurance, training development.",10,Master of Science,2.92,0,1,8,IT,Job Board,0
C0026,"EDUCATION: Master of Science in Data Analytics. EXPERIENCE: 7 years of professional experience. Led risk assessment initiatives resulting in improved operational efficiency across Customer Service. Developed and implemented agile methodology strategies for the Customer Service division. Spearheaded agile methodology programs that enhanced budgeting outcomes. SKILLS: risk assessment, project management, agile methodology, training development, budgeting, regulatory compliance.",7,Master of Science,2.82,1,0,6,Finance,Career Site,0
C0027,"EDUCATION: Associate Degree in Business. EXPERIENCE: 13 years of professional experience. Oversaw customer service operations and drove data analysis improvements. Collaborated with cross-functional teams on stakeholder management and data analysis projects. Collaborated with cross-functional teams on business development and regulatory compliance projects. Designed and executed stakeholder management frameworks supporting Human Resources objectives. SKILLS: business development, stakeholder management, regulatory compliance, data analysis, customer service.",13,Associate Degree,2.94,1,1,5,IT,Campus,0
C0028,"EDUCATION: Bachelor of Science in Accounting. EXPERIENCE: 1 years of professional experience. Developed and implemented process improvement strategies for the Risk Management division. Collaborated with cross-functional teams on regulatory compliance and data analysis projects. SKILLS: data analysis, SQL, process improvement, regulatory compliance, quality assurance, agile methodology.",1,Bachelor of Science,3.2,1,1,6,Operations,Career Site,0
C0029,"EDUCATION: Bachelor of Science in Accounting. EXPERIENCE: 18 years of professional experience. Managed a team of 17 employees in Marketing department. Responsible for stakeholder management and stakeholder management. Developed and implemented Microsoft Office strategies for the Marketing division. Led team leadership initiatives resulting in improved operational efficiency across Risk Management. SKILLS: training development, Microsoft Office, stakeholder management, data analysis, team leadership, communication.",18,Bachelor of Science,2.57,0,1,6,Human Resources,Referral,0
C0030,"EDUCATION: Master of Science in Data Analytics. EXPERIENCE: 2 years of professional experience. Developed and implemented project management strategies for the Finance division. Spearheaded problem solving programs that enhanced problem solving outcomes. Spearheaded problem solving programs that enhanced budgeting outcomes. Led project management initiatives resulting in improved operational efficiency across IT. SKILLS: data analysis, problem solving, quality assurance, budgeting, strategic planning, project management, SQL, process improvement.",2,Master of Science,2.61,1,0,8,Legal,Referral,0
C0031,"EDUCATION: Master of Science in Human Resources. EXPERIENCE: 21 years of professional experience. Collaborated with cross-functional teams on communication and project management projects. Developed and implemented project management strategies for the Engineering division. Managed a team of 6 employees in IT department. Responsible for project management and strategic planning. SKILLS: communication, project management, strategic planning, process improvement, training development.",21,Master of Science,3.27,0,0,5,Communications,Job Board,0
C0032,"EDUCATION: Bachelor of Arts in Psychology. EXPERIENCE: 13 years of professional experience. Managed a team of 5 employees in Sales department. Responsible for financial analysis and regulatory compliance. Designed and executed quality assurance frameworks supporting Communications objectives. Oversaw project management operations and drove stakeholder management improvements. Developed and implemented agile methodology strategies for the Risk Management division. SKILLS: quality assurance, regulatory compliance, process improvement, Microsoft Office, agile methodology, stakeholder management, financial analysis, project management.",13,Bachelor of Arts,2.99,0,1,8,Communications,Career Site,0
C0033,"EDUCATION: Bachelor of Science in Computer Science. EXPERIENCE: 24 years of professional experience. Developed and implemented business development strategies for the Operations division. Managed a team of 14 employees in Research department. Responsible for customer service and business development. Led customer service initiatives resulting in improved operational efficiency across Communications. SKILLS: Python, budgeting, strategic planning, customer service, business development.",24,Bachelor of Science,3.35,1,0,5,Risk Management,Agency,0
C0034,"EDUCATION: Bachelor of Science in Accounting. EXPERIENCE: 9 years of professional experience. Developed and implemented training development strategies for the Human Resources division. Collaborated with cross-functional teams on communication and Python projects. Led Python initiatives resulting in improved operational efficiency across Finance. SKILLS: training development, Python, stakeholder management, communication.",9,Bachelor of Science,3.13,1,0,4,Communications,Referral,0
C0035,"EDUCATION: Bachelor of Arts in Psychology. EXPERIENCE: 3 years of professional experience. Spearheaded data analysis programs that enhanced communication outcomes. Led stakeholder management initiatives resulting in improved operational efficiency across Supply Chain. SKILLS: risk assessment, customer service, communication, data analysis, stakeholder management, project management, process improvement.",3,Bachelor of Arts,3.57,1,1,7,Human Resources,Career Site,0
C0036,"EDUCATION: Bachelor of Arts in Communications. EXPERIENCE: 15 years of professional experience. Oversaw data analysis operations and drove customer service improvements. Designed and executed regulatory compliance frameworks supporting Supply Chain objectives. Oversaw regulatory compliance operations and drove strategic planning improvements. SKILLS: strategic planning, regulatory compliance, customer service, data analysis, team leadership.",15,Bachelor of Arts,3.39,0,0,5,Operations,Career Site,0
C0037,"EDUCATION: Bachelor of Science in Finance. EXPERIENCE: 25 years of professional experience. Led SQL initiatives resulting in improved operational efficiency across Product. Spearheaded process improvement programs that enhanced problem solving outcomes. SKILLS: budgeting, agile methodology, strategic planning, business development, problem solving, SQL, process improvement, financial analysis.",25,Bachelor of Science,2.98,0,0,8,Operations,Job Board,0
C0038,"EDUCATION: Associate Degree in Business. EXPERIENCE: 9 years of professional experience. Spearheaded Microsoft Office programs that enhanced Microsoft Office outcomes. Led Microsoft Office initiatives resulting in improved operational efficiency across Engineering. Collaborated with cross-functional teams on Microsoft Office and Microsoft Office projects. Spearheaded Microsoft Office programs that enhanced data analysis outcomes. SKILLS: communication, data analysis, Microsoft Office, stakeholder management.",9,Associate Degree,2.64,1,0,4,Customer Service,Referral,0
C0039,"EDUCATION: Bachelor of Science in Business Administration. EXPERIENCE: 12 years of professional experience. Developed and implemented Microsoft Office strategies for the Supply Chain division. Led problem solving initiatives resulting in improved operational efficiency across Engineering. SKILLS: problem solving, project management, data analysis, Microsoft Office, regulatory compliance, Python, stakeholder management.",12,Bachelor of Science,3.56,0,1,7,Risk Management,Referral,0
C0040,"EDUCATION: Bachelor of Science in Finance. EXPERIENCE: 3 years of professional experience. Developed and implemented budgeting strategies for the Operations division. Designed and executed budgeting frameworks supporting Supply Chain objectives. SKILLS: budgeting, stakeholder management, risk assessment.",3,Bachelor of Science,2.74,0,1,3,Operations,Campus,0
C0041,"EDUCATION: Master of Science in Human Resources. EXPERIENCE: 4 years of professional experience. Designed and executed quality assurance frameworks supporting Operations objectives. Oversaw budgeting operations and drove quality assurance improvements. Led quality assurance initiatives resulting in improved operational efficiency across Risk Management. Developed and implemented strategic planning strategies for the Marketing division. SKILLS: budgeting, quality assurance, team leadership, strategic planning, data analysis.",4,Master of Science,3.6,0,0,5,Engineering,Referral,0
C0042,"EDUCATION: Bachelor of Science in Business Administration. EXPERIENCE: 14 years of professional experience. Collaborated with cross-functional teams on team leadership and team leadership projects. Managed a team of 16 employees in Supply Chain department. Responsible for quality assurance and business development. SKILLS: Microsoft Office, team leadership, quality assurance, business development.",14,Bachelor of Science,3.45,0,0,4,Sales,Career Site,0
C0043,"EDUCATION: Bachelor of Science in Computer Science. EXPERIENCE: 16 years of professional experience. Collaborated with cross-functional teams on communication and financial analysis projects. Managed a team of 10 employees in Human Resources department. Responsible for financial analysis and customer service. Collaborated with cross-functional teams on customer service and risk assessment projects. Led risk assessment initiatives resulting in improved operational efficiency across Operations. SKILLS: process improvement, risk assessment, quality assurance, problem solving, financial analysis, stakeholder management, customer service, communication.",16,Bachelor of Science,3.55,0,0,8,Supply Chain,Agency,0
C0044,"EDUCATION: Bachelor of Science in Business Administration. EXPERIENCE: 10 years of professional experience. Spearheaded Python programs that enhanced risk assessment outcomes. Spearheaded stakeholder management programs that enhanced Python outcomes. Collaborated with cross-functional teams on Python and stakeholder management projects. SKILLS: risk assessment, business development, stakeholder management, Python.",10,Bachelor of Science,3.87,0,0,4,Engineering,Career Site,0
C0045,"EDUCATION: Master of Science in Data Analytics. EXPERIENCE: 19 years of professional experience. Spearheaded Microsoft Office programs that enhanced Python outcomes. Spearheaded budgeting programs that enhanced budgeting outcomes. SKILLS: Python, strategic planning, data analysis, financial analysis, budgeting, Microsoft Office.",19,Master of Science,2.53,0,0,6,Supply Chain,Referral,0
C0046,"EDUCATION: Bachelor of Arts in Communications. EXPERIENCE: 25 years of professional experience. Managed a team of 4 employees in Customer Service department. Responsible for agile methodology and team leadership. Spearheaded strategic planning programs that enhanced team leadership outcomes. Designed and executed agile methodology frameworks supporting Engineering objectives. Developed and implemented strategic planning strategies for the Sales division. SKILLS: agile methodology, team leadership, strategic planning.",25,Bachelor of Arts,2.87,0,1,3,Finance,Career Site,0
C0047,"EDUCATION: Associate Degree in Business. EXPERIENCE: 13 years of professional experience. Managed a team of 8 employees in Engineering department. Responsible for quality assurance and project management. Led quality assurance initiatives resulting in improved operational efficiency across Finance. Managed a team of 15 employees in Research department. Responsible for quality assurance and project management. SKILLS: project management, quality assurance, customer service.",13,Associate Degree,3.73,0,0,3,Engineering,Career Site,0
C0048,"EDUCATION: Master of Science in Human Resources. EXPERIENCE: 1 years of professional experience. Oversaw team leadership operations and drove team leadership improvements. Oversaw quality assurance operations and drove business development improvements. SKILLS: team leadership, business development, quality assurance.",1,Master of Science,3.68,0,0,3,Legal,Career Site,1
C0049,"EDUCATION: Bachelor of Science in Accounting. EXPERIENCE: 16 years of professional experience. Developed and implemented financial analysis strategies for the Human Resources division. Spearheaded SQL programs that enhanced data analysis outcomes. Spearheaded budgeting programs that enhanced project management outcomes. SKILLS: project management, financial analysis, SQL, budgeting, Microsoft Office, data analysis, communication.",16,Bachelor of Science,3.99,0,0,7,Supply Chain,Referral,0
C0050,"EDUCATION: Bachelor of Science in Business Administration. EXPERIENCE: 13 years of professional experience. Collaborated with cross-functional teams on Python and process improvement projects. Oversaw training development operations and drove financial analysis improvements. SKILLS: process improvement, training development, customer service, budgeting, Python, financial analysis.",13,Bachelor of Science,3.96,1,1,6,Human Resources,Job Board,0
C0051,"EDUCATION: Bachelor of Science in Accounting. EXPERIENCE: 16 years of professional experience. Oversaw regulatory compliance operations and drove Python improvements. Developed and implemented training development strategies for the Engineering division. Designed and executed risk assessment frameworks supporting Finance objectives. Spearheaded problem solving programs that enhanced risk assessment outcomes. SKILLS: problem solving, Microsoft Office, risk assessment, Python, team leadership, training development, regulatory compliance.",16,Bachelor of Science,3.54,1,1,7,Communications,Referral,0
C0052,"EDUCATION: Bachelor of Science in Computer Science. EXPERIENCE: 17 years of professional experience. Designed and executed strategic planning frameworks supporting Human Resources objectives. Managed a team of 15 employees in Marketing department. Responsible for regulatory compliance and risk assessment. Led risk assessment initiatives resulting in improved operational efficiency across Supply Chain. Led risk assessment initiatives resulting in improved operational efficiency across Risk Management. SKILLS: risk assessment, training development, business development, strategic planning, Python, problem solving, regulatory compliance.",17,Bachelor of Science,3.83,0,1,7,Product,Campus,0
C0053,"EDUCATION: Master of Science in Human Resources. EXPERIENCE: 1 years of professional experience. Managed a team of 16 employees in Engineering department. Responsible for communication and communication. Spearheaded risk assessment programs that enhanced risk assessment outcomes. Developed and implemented risk assessment strategies for the Research division. SKILLS: quality assurance, risk assessment, communication, stakeholder management.",1,Master of Science,3.28,0,1,4,Engineering,Job Board,0
C0054,"EDUCATION: Bachelor of Science in Computer Science. EXPERIENCE: 1 years of professional experience. Collaborated with cross-functional teams on communication and budgeting projects. Managed a team of 12 employees in Supply Chain department. Responsible for Microsoft Office and Microsoft Office. Oversaw communication operations and drove strategic planning improvements. SKILLS: budgeting, Microsoft Office, strategic planning, communication, problem solving, SQL.",1,Bachelor of Science,2.64,0,0,6,IT,Career Site,0
C0055,"EDUCATION: Bachelor of Science in Business Administration. EXPERIENCE: 7 years of professional experience. Developed and implemented regulatory compliance strategies for the IT division. Developed and implemented Python strategies for the Engineering division. Oversaw Python operations and drove problem solving improvements. SKILLS: business development, problem solving, team leadership, process improvement, Python, regulatory compliance.",7,Bachelor of Science,2.65,0,0,6,Sales,Career Site,0
C0056,"EDUCATION: Bachelor of Arts in Communications. EXPERIENCE: 19 years of professional experience. Spearheaded agile methodology programs that enhanced communication outcomes. Led SQL initiatives resulting in improved operational efficiency across Finance. Managed a team of 7 employees in Marketing department. Responsible for SQL and communication. Designed and executed problem solving frameworks supporting Operations objectives. SKILLS: problem solving, SQL, customer service, communication, agile methodology.",19,Bachelor of Arts,2.71,0,0,5,Communications,Referral,0
C0057,"EDUCATION: Associate Degree in Business. EXPERIENCE: 13 years of professional experience. Designed and executed financial analysis frameworks supporting Supply Chain objectives. Developed and implemented customer service strategies for the Operations division. Spearheaded regulatory compliance programs that enhanced strategic planning outcomes. SKILLS: stakeholder management, risk assessment, strategic planning, financial analysis, customer service, regulatory compliance.",13,Associate Degree,3.57,0,0,6,Risk Management,Career Site,0
C0058,"EDUCATION: Master of Science in Human Resources. EXPERIENCE: 21 years of professional experience. Led risk assessment initiatives resulting in improved operational efficiency across Risk Management. Designed and executed SQL frameworks supporting Supply Chain objectives. Spearheaded SQL programs that enhanced risk assessment outcomes. SKILLS: training development, budgeting, risk assessment, SQL, customer service, quality assurance.",21,Master of Science,2.77,0,0,6,Supply Chain,Referral,0
C0059,"EDUCATION: Associate Degree in Business. EXPERIENCE: 7 years of professional experience. Spearheaded Microsoft Office programs that enhanced budgeting outcomes. Developed and implemented process improvement strategies for the Finance division. SKILLS: Microsoft Office, budgeting, process improvement.",7,Associate Degree,2.55,0,0,3,Engineering,Career Site,0
C0060,"EDUCATION: Bachelor of Science in Business Administration. EXPERIENCE: 23 years of professional experience. Spearheaded data analysis programs that enhanced financial analysis outcomes. Oversaw agile methodology operations and drove risk assessment improvements. Developed and implemented data analysis strategies for the IT division. SKILLS: risk assessment, agile methodology, data analysis, SQL, quality assurance, strategic planning, project management, financial analysis.",23,Bachelor of Science,3.81,1,1,8,Marketing,Campus,0
C0061,"EDUCATION: Bachelor of Science in Computer Science. EXPERIENCE: 21 years of professional experience. Managed a team of 13 employees in Human Resources department. Responsible for data analysis and customer service. Designed and executed data analysis frameworks supporting Research objectives. Managed a team of 13 employees in Risk Management department. Responsible for data analysis and customer service. Oversaw data analysis operations and drove customer service improvements. SKILLS: stakeholder management, customer service, data analysis.",21,Bachelor of Science,3.27,0,0,3,Research,Agency,0
C0062,"EDUCATION: Bachelor of Science in Finance. EXPERIENCE: 3 years of professional experience. Collaborated with cross-functional teams on communication and data analysis projects. Oversaw data analysis operations and drove process improvement improvements. SKILLS: stakeholder management, data analysis, team leadership, Microsoft Office, communication, process improvement.",3,Bachelor of Science,3.62,0,0,6,Risk Management,Referral,0
C0063,"EDUCATION: Bachelor of Arts in Communications. EXPERIENCE: 4 years of professional experience. Collaborated with cross-functional teams on SQL and financial analysis projects. Managed a team of 5 employees in Marketing department. Responsible for training development and financial analysis. Led training development initiatives resulting in improved operational efficiency across IT. SKILLS: financial analysis, SQL, training development.",4,Bachelor of Arts,3.65,0,1,3,Communications,Referral,0
C0064,"EDUCATION: Master of Business Administration. EXPERIENCE: 24 years of professional experience. Developed and implemented budgeting strategies for the Supply Chain division. Developed and implemented budgeting strategies for the Legal division. SKILLS: Microsoft Office, process improvement, budgeting.",24,Master of Business Administration,2.77,1,0,3,Marketing,Agency,0
C0065,"EDUCATION: Bachelor of Arts in Psychology. EXPERIENCE: 10 years of professional experience. Oversaw strategic planning operations and drove Microsoft Office improvements. Developed and implemented customer service strategies for the Operations division. Spearheaded budgeting programs that enhanced budgeting outcomes. SKILLS: strategic planning, stakeholder management, Python, Microsoft Office, SQL, budgeting, customer service.",10,Bachelor of Arts,3.75,1,1,7,Finance,Career Site,0
C0066,"EDUCATION: Bachelor of Science in Finance. EXPERIENCE: 7 years of professional experience. Oversaw strategic planning operations and drove problem solving improvements. Designed and executed stakeholder management frameworks supporting Human Resources objectives. Led Microsoft Office initiatives resulting in improved operational efficiency across Sales. SKILLS: agile methodology, communication, training development, Microsoft Office, stakeholder management, problem solving, strategic planning.",7,Bachelor of Science,2.55,1,0,7,Human Resources,Career Site,0
C0067,"EDUCATION: Master of Science in Human Resources. EXPERIENCE: 22 years of professional experience. Managed a team of 13 employees in Supply Chain department. Responsible for problem solving and business development. Developed and implemented budgeting strategies for the Marketing division. Developed and implemented problem solving strategies for the Research division. Developed and implemented budgeting strategies for the Marketing division. SKILLS: problem solving, risk assessment, communication, budgeting, strategic planning, business development, financial analysis.",22,Master of Science,2.78,0,1,7,Finance,Career Site,0
C0068,"EDUCATION: Master of Science in Data Analytics. EXPERIENCE: 9 years of professional experience. Developed and implemented training development strategies for the Product division. Developed and implemented risk assessment strategies for the Sales division. Collaborated with cross-functional teams on stakeholder management and risk assessment projects. Collaborated with cross-functional teams on risk assessment and budgeting projects. SKILLS: business development, budgeting, stakeholder management, agile methodology, risk assessment, training development.",9,Master of Science,3.88,0,0,6,IT,Career Site,0
C0069,"EDUCATION: Bachelor of Science in Finance. EXPERIENCE: 25 years of professional experience. Designed and executed project management frameworks supporting Product objectives. Collaborated with cross-functional teams on communication and training development projects. SKILLS: quality assurance, Microsoft Office, communication, training development, strategic planning, agile methodology, project management, data analysis.",25,Bachelor of Science,3.82,0,1,8,Engineering,Career Site,0
C0070,"EDUCATION: Master of Business Administration. EXPERIENCE: 24 years of professional experience. Led Python initiatives resulting in improved operational efficiency across Risk Management. Collaborated with cross-functional teams on team leadership and Microsoft Office projects. SKILLS: team leadership, problem solving, Python, Microsoft Office, stakeholder management.",24,Master of Business Administration,3.32,1,1,5,Legal,Career Site,0
C0071,"EDUCATION: Bachelor of Arts in Psychology. EXPERIENCE: 11 years of professional experience. Collaborated with cross-functional teams on data analysis and data analysis projects. Spearheaded business development programs that enhanced Microsoft Office outcomes. SKILLS: Microsoft Office, risk assessment, agile methodology, budgeting, Python, training development, data analysis, business development.",11,Bachelor of Arts,2.83,0,0,8,IT,Career Site,0
C0072,"EDUCATION: Associate Degree in Business. EXPERIENCE: 1 years of professional experience. Spearheaded process improvement programs that enhanced process improvement outcomes. Collaborated with cross-functional teams on process improvement and regulatory compliance projects. Collaborated with cross-functional teams on strategic planning and process improvement projects. Collaborated with cross-functional teams on regulatory compliance and strategic planning projects. SKILLS: Python, process improvement, regulatory compliance, strategic planning.",1,Associate Degree,3.51,0,0,4,Product,Referral,0
C0073,"EDUCATION: Bachelor of Arts in Psychology. EXPERIENCE: 13 years of professional experience. Spearheaded SQL programs that enhanced stakeholder management outcomes. Oversaw stakeholder management operations and drove SQL improvements. Led problem solving initiatives resulting in improved operational efficiency across Marketing. Collaborated with cross-functional teams on stakeholder management and problem solving projects. SKILLS: SQL, stakeholder management, problem solving.",13,Bachelor of Arts,3.94,0,0,3,Legal,Referral,0
C0074,"EDUCATION: Bachelor of Science in Computer Science. EXPERIENCE: 17 years of professional experience. Designed and executed stakeholder management frameworks supporting Supply Chain objectives. Developed and implemented financial analysis strategies for the Communications division. Spearheaded regulatory compliance programs that enhanced data analysis outcomes. SKILLS: data analysis, financial analysis, stakeholder management, SQL, customer service, regulatory compliance.",17,Bachelor of Science,2.73,0,0,6,Operations,Campus,0
C0075,"EDUCATION: Bachelor of Science in Finance. EXPERIENCE: 2 years of professional experience. Designed and executed training development frameworks supporting Product objectives. Spearheaded project management programs that enhanced training development outcomes. SKILLS: regulatory compliance, SQL, Microsoft Office, quality assurance, budgeting, training development, project management, Python.",2,Bachelor of Science,3.51,1,1,8,Communications,Job Board,0
C0076,"EDUCATION: Bachelor of Science in Finance. EXPERIENCE: 12 years of professional experience. Managed a team of 17 employees in Operations department. Responsible for SQL and problem solving. Managed a team of 6 employees in Operations department. Responsible for problem solving and training development. Spearheaded training development programs that enhanced training development outcomes. SKILLS: training development, SQL, problem solving.",12,Bachelor of Science,3.3,0,1,3,Marketing,Career Site,0
C0077,"EDUCATION: Master of Science in Data Analytics. EXPERIENCE: 24 years of professional experience. Spearheaded risk assessment programs that enhanced Python outcomes. Developed and implemented risk assessment strategies for the Marketing division. Spearheaded process improvement programs that enhanced regulatory compliance outcomes. Collaborated with cross-functional teams on process improvement and risk assessment projects. SKILLS: communication, risk assessment, stakeholder management, SQL, process improvement, Python, regulatory compliance, financial analysis.",24,Master of Science,3.76,0,0,8,Legal,Career Site,0
C0078,"EDUCATION: Bachelor of Science in Finance. EXPERIENCE: 20 years of professional experience. Spearheaded Microsoft Office programs that enhanced regulatory compliance outcomes. Spearheaded regulatory compliance programs that enhanced regulatory compliance outcomes. Oversaw SQL operations and drove SQL improvements. Managed a team of 15 employees in Marketing department. Responsible for SQL and regulatory compliance. SKILLS: Microsoft Office, regulatory compliance, SQL.",20,Bachelor of Science,2.91,0,1,3,Legal,Referral,0
C0079,"EDUCATION: Bachelor of Science in Finance. EXPERIENCE: 15 years of professional experience. Designed and executed stakeholder management frameworks supporting Human Resources objectives. Managed a team of 13 employees in Sales department. Responsible for project management and communication. Oversaw SQL operations and drove communication improvements. Spearheaded project management programs that enhanced communication outcomes. SKILLS: project management, stakeholder management, communication, SQL.",15,Bachelor of Science,3.01,0,0,4,Operations,Referral,0
C0080,"EDUCATION: Master of Science in Human Resources. EXPERIENCE: 9 years of professional experience. Managed a team of 5 employees in Research department. Responsible for Microsoft Office and problem solving. Developed and implemented strategic planning strategies for the Sales division. Developed and implemented risk assessment strategies for the Engineering division. SKILLS: communication, budgeting, risk assessment, Microsoft Office, problem solving, strategic planning.",9,Master of Science,3.51,0,1,6,Finance,Job Board,0
C0081,"EDUCATION: Bachelor of Science in Accounting. EXPERIENCE: 14 years of professional experience. Designed and executed problem solving frameworks supporting Communications objectives. Led regulatory compliance initiatives resulting in improved operational efficiency across Customer Service. Spearheaded process improvement programs that enhanced regulatory compliance outcomes. SKILLS: business development, regulatory compliance, problem solving, process improvement.",14,Bachelor of Science,2.82,0,1,4,Human Resources,Career Site,0
C0082,"EDUCATION: Master of Science in Data Analytics. EXPERIENCE: 14 years of professional experience. Developed and implemented regulatory compliance strategies for the Communications division. Managed a team of 13 employees in Customer Service department. Responsible for stakeholder management and stakeholder management. Collaborated with cross-functional teams on agile methodology and agile methodology projects. Designed and executed quality assurance frameworks supporting Engineering objectives. SKILLS: financial analysis, problem solving, regulatory compliance, agile methodology, stakeholder management, training development, quality assurance.",14,Master of Science,2.74,1,0,7,Risk Management,Job Board,0
C0083,"EDUCATION: Bachelor of Science in Computer Science. EXPERIENCE: 21 years of professional experience. Oversaw strategic planning operations and drove strategic planning improvements. Collaborated with cross-functional teams on agile methodology and financial analysis projects. SKILLS: agile methodology, financial analysis, project management, strategic planning.",21,Bachelor of Science,2.71,0,1,4,IT,Job Board,0
C0084,"EDUCATION: Bachelor of Arts in Psychology. EXPERIENCE: 19 years of professional experience. Collaborated with cross-functional teams on team leadership and financial analysis projects. Spearheaded strategic planning programs that enhanced customer service outcomes. Led stakeholder management initiatives resulting in improved operational efficiency across Product. Designed and executed project management frameworks supporting Marketing objectives. SKILLS: team leadership, regulatory compliance, stakeholder management, project management, strategic planning, financial analysis, customer service.",19,Bachelor of Arts,3.88,1,1,7,Operations,Career Site,0
C0085,"EDUCATION: Bachelor of Science in Accounting. EXPERIENCE: 15 years of professional experience. Led team leadership initiatives resulting in improved operational efficiency across Sales. Spearheaded project management programs that enhanced team leadership outcomes. Led financial analysis initiatives resulting in improved operational efficiency across Supply Chain. SKILLS: financial analysis, team leadership, project management, Microsoft Office.",15,Bachelor of Science,3.62,1,1,4,Research,Referral,0
C0086,"EDUCATION: Associate Degree in Business. EXPERIENCE: 4 years of professional experience. Designed and executed stakeholder management frameworks supporting Supply Chain objectives. Collaborated with cross-functional teams on Microsoft Office and stakeholder management projects. Developed and implemented communication strategies for the Supply Chain division. Designed and executed risk assessment frameworks supporting Human Resources objectives. SKILLS: stakeholder management, quality assurance, risk assessment, agile methodology, team leadership, regulatory compliance, Microsoft Office, communication.",4,Associate Degree,3.64,0,0,8,IT,Career Site,0
C0087,"EDUCATION: Bachelor of Arts in Communications. EXPERIENCE: 5 years of professional experience. Designed and executed process improvement frameworks supporting Sales objectives. Developed and implemented stakeholder management strategies for the Product division. SKILLS: problem solving, process improvement, stakeholder management.",5,Bachelor of Arts,3.63,0,0,3,Communications,Career Site,0
C0088,"EDUCATION: Bachelor of Science in Finance. EXPERIENCE: 19 years of professional experience. Spearheaded financial analysis programs that enhanced financial analysis outcomes. Spearheaded financial analysis programs that enhanced budgeting outcomes. Spearheaded budgeting programs that enhanced budgeting outcomes. SKILLS: strategic planning, financial analysis, budgeting, business development, training development.",19,Bachelor of Science,3.92,1,1,5,Marketing,Career Site,1
C0089,"EDUCATION: Bachelor of Arts in Psychology. EXPERIENCE: 5 years of professional experience. Developed and implemented process improvement strategies for the Engineering division. Managed a team of 9 employees in IT department. Responsible for budgeting and risk assessment. Spearheaded budgeting programs that enhanced process improvement outcomes. Spearheaded business development programs that enhanced communication outcomes. SKILLS: financial analysis, risk assessment, budgeting, business development, communication, process improvement, agile methodology.",5,Bachelor of Arts,3.85,0,1,7,Operations,Career Site,0
C0090,"EDUCATION: Bachelor of Arts in Psychology. EXPERIENCE: 17 years of professional experience. Led communication initiatives resulting in improved operational efficiency across Legal. Developed and implemented strategic planning strategies for the Engineering division. Led regulatory compliance initiatives resulting in improved operational efficiency across IT. SKILLS: communication, regulatory compliance, quality assurance, strategic planning, process improvement, Microsoft Office, stakeholder management, Python.",17,Bachelor of Arts,3.03,0,0,8,Product,Career Site,0
C0091,"EDUCATION: Master of Science in Human Resources. EXPERIENCE: 21 years of professional experience. Developed and implemented Python strategies for the Human Resources division. Spearheaded project management programs that enhanced business development outcomes. SKILLS: project management, quality assurance, Python, Microsoft Office, process improvement, strategic planning, business development.",21,Master of Science,2.58,1,0,7,IT,Referral,0
C0092,"EDUCATION: Bachelor of Science in Computer Science. EXPERIENCE: 6 years of professional experience. Spearheaded SQL programs that enhanced Python outcomes. Oversaw process improvement operations and drove Python improvements. SKILLS: Python, business development, SQL, problem solving, regulatory compliance, customer service, process improvement.",6,Bachelor of Science,3.86,1,1,7,Marketing,Career Site,0
C0093,"EDUCATION: Bachelor of Science in Accounting. EXPERIENCE: 16 years of professional experience. Managed a team of 20 employees in Communications department. Responsible for financial analysis and Microsoft Office. Designed and executed Python frameworks supporting Sales objectives. Collaborated with cross-functional teams on data analysis and financial analysis projects. SKILLS: financial analysis, data analysis, Microsoft Office, Python, quality assurance, business development, agile methodology.",16,Bachelor of Science,3.31,0,0,7,Sales,Career Site,0
C0094,"EDUCATION: Master of Science in Data Analytics. EXPERIENCE: 19 years of professional experience. Spearheaded project management programs that enhanced Python outcomes. Collaborated with cross-functional teams on process improvement and financial analysis projects. Developed and implemented customer service strategies for the Product division. Oversaw Python operations and drove customer service improvements. SKILLS: risk assessment, financial analysis, project management, stakeholder management, customer service, process improvement, Python.",19,Master of Science,2.87,1,0,7,Engineering,Career Site,0
C0095,"EDUCATION: Bachelor of Science in Business Administration. EXPERIENCE: 11 years of professional experience. Collaborated with cross-functional teams on financial analysis and quality assurance projects. Designed and executed customer service frameworks supporting Research objectives. Designed and executed financial analysis frameworks supporting Operations objectives. Designed and executed budgeting frameworks supporting Communications objectives. SKILLS: training development, quality assurance, financial analysis, budgeting, customer service, agile methodology, team leadership, Python.",11,Bachelor of Science,2.96,0,1,8,Engineering,Job Board,0
C0096,"EDUCATION: Bachelor of Science in Accounting. EXPERIENCE: 22 years of professional experience. Developed and implemented financial analysis strategies for the Sales division. Designed and executed risk assessment frameworks supporting IT objectives. SKILLS: quality assurance, risk assessment, customer service, financial analysis, Microsoft Office.",22,Bachelor of Science,3.94,0,0,5,Product,Career Site,0
C0097,"EDUCATION: Bachelor of Arts in Communications. EXPERIENCE: 5 years of professional experience. Developed and implemented quality assurance strategies for the Risk Management division. Developed and implemented regulatory compliance strategies for the IT division. Managed a team of 15 employees in Finance department. Responsible for regulatory compliance and quality assurance. SKILLS: business development, stakeholder management, SQL, Python, training development, quality assurance, regulatory compliance, communication.",5,Bachelor of Arts,3.47,0,1,8,Marketing,Agency,0
C0098,"EDUCATION: Bachelor of Arts in Communications. EXPERIENCE: 1 years of professional experience. Collaborated with cross-functional teams on business development and business development projects. Oversaw project management operations and drove business development improvements. Spearheaded Microsoft Office programs that enhanced SQL outcomes. SKILLS: SQL, project management, Microsoft Office, training development, business development, communication.",1,Bachelor of Arts,2.61,0,1,6,Marketing,Job Board,0
C0099,"EDUCATION: Bachelor of Science in Computer Science. EXPERIENCE: 8 years of professional experience. Spearheaded risk assessment programs that enhanced risk assessment outcomes. Oversaw agile methodology operations and drove business development improvements. Collaborated with cross-functional teams on data analysis and regulatory compliance projects. SKILLS: risk assessment, regulatory compliance, business development, data analysis, agile methodology.",8,Bachelor of Science,3.82,0,1,5,Human Resources,Referral,0
C0100,"EDUCATION: Associate Degree in Business. EXPERIENCE: 3 years of professional experience. Led Microsoft Office initiatives resulting in improved operational efficiency across IT. Spearheaded regulatory compliance programs that enhanced stakeholder management outcomes. Led regulatory compliance initiatives resulting in improved operational efficiency across Risk Management. SKILLS: stakeholder management, communication, regulatory compliance, financial analysis, Microsoft Office.",3,Associate Degree,3.86,1,0,5,Product,Career Site,0
C0101,"EDUCATION: Master of Science in Data Analytics. EXPERIENCE: 22 years of professional experience. Developed and implemented Microsoft Office strategies for the IT division. Managed a team of 16 employees in Legal department. Responsible for regulatory compliance and stakeholder management. Designed and executed Microsoft Office frameworks supporting Risk Management objectives. Managed a team of 16 employees in Finance department. Responsible for risk assessment and stakeholder management. SKILLS: Microsoft Office, problem solving, strategic planning, budgeting, Python, risk assessment, regulatory compliance, stakeholder management.",22,Master of Science,2.92,0,0,8,Operations,Career Site,0
C0102,"EDUCATION: Bachelor of Science in Accounting. EXPERIENCE: 15 years of professional experience. Oversaw business development operations and drove SQL improvements. Designed and executed data analysis frameworks supporting Product objectives. Oversaw regulatory compliance operations and drove agile methodology improvements. Collaborated with cross-functional teams on SQL and team leadership projects. SKILLS: team leadership, business development, regulatory compliance, customer service, problem solving, agile methodology, SQL, data analysis.",15,Bachelor of Science,3.1,0,1,8,Engineering,Campus,0
C0103,"EDUCATION: Bachelor of Science in Business Administration. EXPERIENCE: 8 years of professional experience. Collaborated with cross-functional teams on business development and project management projects. Oversaw agile methodology operations and drove project management improvements. Oversaw project management operations and drove agile methodology improvements. SKILLS: business development, agile methodology, project management.",8,Bachelor of Science,3.84,0,1,3,Supply Chain,Referral,0
C0104,"EDUCATION: Bachelor of Science in Business Administration. EXPERIENCE: 18 years of professional experience. Designed and executed Microsoft Office frameworks supporting Communications objectives. Developed and implemented data analysis strategies for the Operations division. Led business development initiatives resulting in improved operational efficiency across Sales. Collaborated with cross-functional teams on Microsoft Office and data analysis projects. SKILLS: communication, Microsoft Office, business development, regulatory compliance, financial analysis, team leadership, data analysis.",18,Bachelor of Science,3.03,0,0,7,Marketing,Career Site,0
C0105,"EDUCATION: Bachelor of Science in Business Administration. EXPERIENCE: 15 years of professional experience. Collaborated with cross-functional teams on budgeting and Microsoft Office projects. Designed and executed agile methodology frameworks supporting Human Resources objectives. Spearheaded agile methodology programs that enhanced agile methodology outcomes. SKILLS: customer service, agile methodology, project management, budgeting, Microsoft Office, risk assessment.",15,Bachelor of Science,2.68,1,0,6,Product,Campus,0
C0106,"EDUCATION: Associate Degree in Business. EXPERIENCE: 12 years of professional experience. Developed and implemented agile methodology strategies for the Human Resources division. Managed a team of 15 employees in Communications department. Responsible for data analysis and data analysis. Designed and executed customer service frameworks supporting Operations objectives. SKILLS: business development, process improvement, strategic planning, stakeholder management, Microsoft Office, customer service, data analysis, agile methodology.",12,Associate Degree,3.75,0,0,8,Legal,Referral,0
C0107,"EDUCATION: Bachelor of Arts in Communications. EXPERIENCE: 2 years of professional experience. Designed and executed financial analysis frameworks supporting Marketing objectives. Spearheaded process improvement programs that enhanced financial analysis outcomes. SKILLS: financial analysis, Python, team leadership, agile methodology, risk assessment, project management, communication, process improvement.",2,Bachelor of Arts,2.59,0,1,8,Communications,Career Site,0
C0108,"EDUCATION: Master of Science in Human Resources. EXPERIENCE: 6 years of professional experience. Spearheaded process improvement programs that enhanced stakeholder management outcomes. Managed a team of 8 employees in Finance department. Responsible for problem solving and process improvement. SKILLS: financial analysis, process improvement, stakeholder management, problem solving.",6,Master of Science,2.96,0,0,4,Research,Agency,0
C0109,"EDUCATION: Bachelor of Science in Business Administration. EXPERIENCE: 16 years of professional experience. Oversaw SQL operations and drove regulatory compliance improvements. Collaborated with cross-functional teams on strategic planning and SQL projects. SKILLS: SQL, strategic planning, project management, training development, regulatory compliance.",16,Bachelor of Science,2.52,0,0,5,Sales,Job Board,0
C0110,"EDUCATION: Bachelor of Science in Computer Science. EXPERIENCE: 15 years of professional experience. Designed and executed stakeholder management frameworks supporting Product objectives. Designed and executed team leadership frameworks supporting Engineering objectives. Developed and implemented customer service strategies for the Operations division. SKILLS: stakeholder management, team leadership, customer service.",15,Bachelor of Science,3.05,0,0,3,IT,Agency,0
C0111,"EDUCATION: Bachelor of Arts in Psychology. EXPERIENCE: 8 years of professional experience. Managed a team of 6 employees in Supply Chain department. Responsible for SQL and communication. Spearheaded Microsoft Office programs that enhanced communication outcomes. Led team leadership initiatives resulting in improved operational efficiency across Operations. Designed and executed SQL frameworks supporting Operations objectives. SKILLS: customer service, risk assessment, regulatory compliance, Microsoft Office, communication, business development, SQL, team leadership.",8,Bachelor of Arts,3.49,0,1,8,IT,Job Board,0
C0112,"EDUCATION: Bachelor of Science in Business Administration. EXPERIENCE: 8 years of professional experience. Collaborated with cross-functional teams on strategic planning and strategic planning projects. Designed and executed team leadership frameworks supporting Sales objectives. SKILLS: data analysis, agile methodology, business development, Microsoft Office, problem solving, project management, team leadership, strategic planning.",8,Bachelor of Science,3.99,1,1,8,Product,Career Site,0
C0113,"EDUCATION: Associate Degree in Business. EXPERIENCE: 11 years of professional experience. Led agile methodology initiatives resulting in improved operational efficiency across Operations. Collaborated with cross-functional teams on strategic planning and SQL projects. Oversaw business development operations and drove budgeting improvements. SKILLS: SQL, training development, budgeting, customer service, business development, strategic planning, agile methodology.",11,Associate Degree,2.59,1,0,7,Operations,Job Board,0
C0114,"EDUCATION: Master of Business Administration. EXPERIENCE: 4 years of professional experience. Oversaw communication operations and drove communication improvements. Collaborated with cross-functional teams on project management and Python projects. Led Python initiatives resulting in improved operational efficiency across Risk Management. Led project management initiatives resulting in improved operational efficiency across Communications. SKILLS: project management, training development, communication, customer service, Python, risk assessment.",4,Master of Business Administration,3.6,0,1,6,Operations,Job Board,0
C0115,"EDUCATION: Bachelor of Arts in Communications. EXPERIENCE: 18 years of professional experience. Oversaw quality assurance operations and drove communication improvements. Managed a team of 8 employees in Research department. Responsible for agile methodology and SQL. SKILLS: business development, communication, quality assurance, training development, data analysis, agile methodology, SQL.",18,Bachelor of Arts,3.43,1,0,7,Risk Management,Job Board,0
C0116,"EDUCATION: Master of Science in Human Resources. EXPERIENCE: 17 years of professional experience. Collaborated with cross-functional teams on stakeholder management and SQL projects. Managed a team of 5 employees in Engineering department. Responsible for SQL and Microsoft Office. Oversaw quality assurance operations and drove stakeholder management improvements. SKILLS: communication, training development, stakeholder management, Microsoft Office, SQL, project management, quality assurance, business development.",17,Master of Science,2.72,1,0,8,Risk Management,Agency,0
C0117,"EDUCATION: Master of Science in Human Resources. EXPERIENCE: 19 years of professional experience. Led agile methodology initiatives resulting in improved operational efficiency across Human Resources. Led agile methodology initiatives resulting in improved operational efficiency across Human Resources. SKILLS: Python, agile methodology, problem solving, stakeholder management.",19,Master of Science,3.17,1,0,4,Research,Career Site,0
C0118,"EDUCATION: Associate Degree in Business. EXPERIENCE: 4 years of professional experience. Spearheaded quality assurance programs that enhanced customer service outcomes. Designed and executed financial analysis frameworks supporting Customer Service objectives. Led customer service initiatives resulting in improved operational efficiency across Communications. Managed a team of 15 employees in Risk Management department. Responsible for customer service and strategic planning. SKILLS: strategic planning, project management, customer service, quality assurance, financial analysis.",4,Associate Degree,3.44,0,0,5,Legal,Career Site,0
C0119,"EDUCATION: Bachelor of Science in Accounting. EXPERIENCE: 20 years of professional experience. Led data analysis initiatives resulting in improved operational efficiency across Risk Management. Collaborated with cross-functional teams on problem solving and process improvement projects. Designed and executed data analysis frameworks supporting Risk Management objectives. SKILLS: problem solving, risk assessment, financial analysis, Python, customer service, data analysis, process improvement.",20,Bachelor of Science,2.91,1,0,7,Engineering,Campus,0
C0120,"EDUCATION: Bachelor of Science in Computer Science. EXPERIENCE: 8 years of professional experience. Collaborated with cross-functional teams on project management and process improvement projects. Managed a team of 18 employees in Customer Service department. Responsible for project management and project management. Managed a team of 6 employees in IT department. Responsible for strategic planning and strategic planning. Managed a team of 10 employees in Operations department. Responsible for project management and project management. SKILLS: quality assurance, strategic planning, stakeholder management, SQL, process improvement, data analysis, project management, budgeting.",8,Bachelor of Science,3.58,0,1,8,Finance,Job Board,0
C0121,"EDUCATION: Master of Science in Human Resources. EXPERIENCE: 22 years of professional experience. Led quality assurance initiatives resulting in improved operational efficiency across Finance. Developed and implemented budgeting strategies for the Communications division. SKILLS: budgeting, business development, quality assurance, data analysis, agile methodology.",22,Master of Science,3.77,1,1,5,Engineering,Agency,0
C0122,"EDUCATION: Bachelor of Science in Business Administration. EXPERIENCE: 11 years of professional experience. Oversaw business development operations and drove business development improvements. Spearheaded Python programs that enhanced SQL outcomes. Designed and executed business development frameworks supporting Communications objectives. SKILLS: process improvement, business development, Python, SQL, budgeting.",11,Bachelor of Science,3.78,0,0,5,Operations,Career Site,0
C0123,"EDUCATION: Master of Business Administration. EXPERIENCE: 24 years of professional experience. Oversaw financial analysis operations and drove strategic planning improvements. Oversaw strategic planning operations and drove training development improvements. SKILLS: business development, training development, Python, strategic planning, financial analysis.",24,Master of Business Administration,2.9,1,0,5,Supply Chain,Career Site,0
C0124,"EDUCATION: Bachelor of Arts in Communications. EXPERIENCE: 1 years of professional experience. Led team leadership initiatives resulting in improved operational efficiency across Customer Service. Spearheaded problem solving programs that enhanced problem solving outcomes. SKILLS: process improvement, strategic planning, budgeting, business development, problem solving, team leadership.",1,Bachelor of Arts,2.77,0,0,6,IT,Referral,0
C0125,"EDUCATION: Bachelor of Arts in Communications. EXPERIENCE: 18 years of professional experience. Collaborated with cross-functional teams on Microsoft Office and agile methodology projects. Spearheaded training development programs that enhanced quality assurance outcomes. Designed and executed business development frameworks supporting Sales objectives. SKILLS: team leadership, Microsoft Office, business development, training development, agile methodology, stakeholder management, communication, quality assurance.",18,Bachelor of Arts,2.54,0,0,8,Sales,Job Board,0
C0126,"EDUCATION: Master of Science in Data Analytics. EXPERIENCE: 1 years of professional experience. Collaborated with cross-functional teams on budgeting and project management projects. Led project management initiatives resulting in improved operational efficiency across IT. Oversaw team leadership operations and drove Microsoft Office improvements. Collaborated with cross-functional teams on budgeting and team leadership projects. SKILLS: Python, business development, regulatory compliance, budgeting, Microsoft Office, team leadership, project management, communication.",1,Master of Science,3.31,0,0,8,Human Resources,Referral,0
C0127,"EDUCATION: Bachelor of Science in Computer Science. EXPERIENCE: 18 years of professional experience. Managed a team of 10 employees in Supply Chain department. Responsible for budgeting and business development. Collaborated with cross-functional teams on communication and SQL projects. Spearheaded agile methodology programs that enhanced strategic planning outcomes. SKILLS: communication, strategic planning, Python, business development, customer service, budgeting, agile methodology, SQL.",18,Bachelor of Science,3.93,0,0,8,Marketing,Agency,0
C0128,"EDUCATION: Bachelor of Science in Business Administration. EXPERIENCE: 12 years of professional experience. Designed and executed business development frameworks supporting Human Resources objectives. Managed a team of 11 employees in IT department. Responsible for budgeting and business development. Managed a team of 18 employees in Legal department. Responsible for business development and training development. SKILLS: training development, budgeting, business development.",12,Bachelor of Science,3.98,0,1,3,Sales,Job Board,0
C0129,"EDUCATION: Associate Degree in Business. EXPERIENCE: 14 years of professional experience. Designed and executed customer service frameworks supporting Research objectives. Spearheaded customer service programs that enhanced financial analysis outcomes. SKILLS: budgeting, financial analysis, training development, regulatory compliance, strategic planning, customer service, quality assurance, agile methodology.",14,Associate Degree,3.66,0,1,8,Human Resources,Job Board,0
C0130,"EDUCATION: Bachelor of Arts in Psychology. EXPERIENCE: 6 years of professional experience. Oversaw team leadership operations and drove stakeholder management improvements. Managed a team of 6 employees in Legal department. Responsible for Microsoft Office and customer service. SKILLS: team leadership, quality assurance, stakeholder management, problem solving, Microsoft Office, customer service, financial analysis.",6,Bachelor of Arts,3.92,0,0,7,Legal,Agency,0
C0131,"EDUCATION: Bachelor of Science in Finance. EXPERIENCE: 12 years of professional experience. Oversaw strategic planning operations and drove agile methodology improvements. Led risk assessment initiatives resulting in improved operational efficiency across Legal. SKILLS: agile methodology, risk assessment, communication, strategic planning, problem solving, data analysis.",12,Bachelor of Science,3.03,0,0,6,Research,Agency,0
C0132,"EDUCATION: Associate Degree in Business. EXPERIENCE: 2 years of professional experience. Developed and implemented team leadership strategies for the Marketing division. Managed a team of 13 employees in Legal department. Responsible for SQL and team leadership. Designed and executed strategic planning frameworks supporting Risk Management objectives. Led customer service initiatives resulting in improved operational efficiency across Marketing. SKILLS: team leadership, strategic planning, budgeting, customer service, SQL, project management, financial analysis, training development.",2,Associate Degree,2.65,0,1,8,Research,Career Site,0
C0133,"EDUCATION: Bachelor of Arts in Psychology. EXPERIENCE: 17 years of professional experience. Designed and executed business development frameworks supporting Finance objectives. Designed and executed business development frameworks supporting Engineering objectives. SKILLS: business development, process improvement, problem solving, budgeting.",17,Bachelor of Arts,3.52,0,1,4,IT,Campus,0
C0134,"EDUCATION: Bachelor of Science in Computer Science. EXPERIENCE: 22 years of professional experience. Designed and executed Microsoft Office frameworks supporting Communications objectives. Oversaw risk assessment operations and drove customer service improvements. Developed and implemented business development strategies for the Sales division. Led risk assessment initiatives resulting in improved operational efficiency across Finance. SKILLS: problem solving, customer service, risk assessment, Microsoft Office, communication, financial analysis, business development.",22,Bachelor of Science,3.87,0,1,7,Product,Job Board,0
C0135,"EDUCATION: Bachelor of Science in Accounting. EXPERIENCE: 23 years of professional experience. Spearheaded team leadership programs that enhanced strategic planning outcomes. Developed and implemented team leadership strategies for the Product division. Oversaw SQL operations and drove SQL improvements. Managed a team of 18 employees in Finance department. Responsible for financial analysis and customer service. SKILLS: regulatory compliance, customer service, quality assurance, team leadership, strategic planning, budgeting, SQL, financial analysis.",23,Bachelor of Science,2.98,0,0,8,Product,Job Board,0
C0136,"EDUCATION: Bachelor of Science in Business Administration. EXPERIENCE: 7 years of professional experience. Developed and implemented SQL strategies for the Marketing division. Oversaw agile methodology operations and drove agile methodology improvements. SKILLS: agile methodology, financial analysis, risk assessment, regulatory compliance, data analysis, SQL, stakeholder management.",7,Bachelor of Science,3.95,0,0,7,Legal,Referral,0
C0137,"EDUCATION: Associate Degree in Business. EXPERIENCE: 17 years of professional experience. Spearheaded process improvement programs that enhanced training development outcomes. Managed a team of 17 employees in Marketing department. Responsible for training development and data analysis. SKILLS: process improvement, training development, data analysis, stakeholder management.",17,Associate Degree,2.61,0,0,4,Sales,Job Board,0
C0138,"EDUCATION: Master of Business Administration. EXPERIENCE: 10 years of professional experience. Led data analysis initiatives resulting in improved operational efficiency across Marketing. Developed and implemented regulatory compliance strategies for the Finance division. SKILLS: Microsoft Office, regulatory compliance, project management, data analysis, agile methodology, customer service.",10,Master of Business Administration,3.4,0,0,6,IT,Job Board,1
C0139,"EDUCATION: Master of Science in Human Resources. EXPERIENCE: 14 years of professional experience. Developed and implemented project management strategies for the Risk Management division. Spearheaded process improvement programs that enhanced SQL outcomes. Oversaw Microsoft Office operations and drove stakeholder management improvements. SKILLS: SQL, stakeholder management, financial analysis, Microsoft Office, business development, quality assurance, process improvement, project management.",14,Master of Science,3.46,1,0,8,Human Resources,Job Board,0
C0140,"EDUCATION: Bachelor of Arts in Psychology. EXPERIENCE: 24 years of professional experience. Oversaw problem solving operations and drove problem solving improvements. Designed and executed risk assessment frameworks supporting Human Resources objectives. Designed and executed strategic planning frameworks supporting Human Resources objectives. SKILLS: risk assessment, team leadership, problem solving, strategic planning.",24,Bachelor of Arts,2.69,0,0,4,Finance,Agency,0
C0141,"EDUCATION: Master of Science in Human Resources. EXPERIENCE: 6 years of professional experience. Designed and executed Python frameworks supporting Sales objectives. Developed and implemented customer service strategies for the Supply Chain division. SKILLS: risk assessment, customer service, regulatory compliance, Python, data analysis, stakeholder management.",6,Master of Science,3.4,0,0,6,Finance,Career Site,0
C0142,"EDUCATION: Bachelor of Arts in Communications. EXPERIENCE: 9 years of professional experience. Developed and implemented quality assurance strategies for the Sales division. Collaborated with cross-functional teams on Microsoft Office and strategic planning projects. SKILLS: quality assurance, Microsoft Office, regulatory compliance, strategic planning, data analysis, financial analysis, project management, team leadership.",9,Bachelor of Arts,2.78,0,1,8,Sales,Job Board,0
C0143,"EDUCATION: Bachelor of Science in Accounting. EXPERIENCE: 17 years of professional experience. Spearheaded Python programs that enhanced business development outcomes. Managed a team of 6 employees in Research department. Responsible for budgeting and team leadership. Spearheaded Python programs that enhanced project management outcomes. SKILLS: budgeting, project management, business development, team leadership, Python.",17,Bachelor of Science,3.59,0,0,5,Operations,Job Board,0
C0144,"EDUCATION: Master of Science in Human Resources. EXPERIENCE: 1 years of professional experience. Managed a team of 15 employees in Communications department. Responsible for project management and data analysis. Designed and executed data analysis frameworks supporting Communications objectives. Spearheaded Python programs that enhanced project management outcomes. Oversaw project management operations and drove Python improvements. SKILLS: data analysis, communication, customer service, Python, project management.",1,Master of Science,3.17,0,0,5,Supply Chain,Career Site,0
C0145,"EDUCATION: Bachelor of Science in Computer Science. EXPERIENCE: 5 years of professional experience. Spearheaded SQL programs that enhanced process improvement outcomes. Oversaw process improvement operations and drove SQL improvements. Developed and implemented process improvement strategies for the Legal division. SKILLS: risk assessment, SQL, process improvement, budgeting.",5,Bachelor of Science,2.56,0,1,4,Legal,Campus,1
C0146,"EDUCATION: Master of Science in Human Resources. EXPERIENCE: 15 years of professional experience. Collaborated with cross-functional teams on stakeholder management and customer service projects. Developed and implemented Microsoft Office strategies for the Research division. Oversaw communication operations and drove communication improvements. Oversaw communication operations and drove customer service improvements. SKILLS: training development, Python, agile methodology, communication, process improvement, customer service, Microsoft Office, stakeholder management.",15,Master of Science,3.85,0,0,8,Customer Service,Referral,0
C0147,"EDUCATION: Master of Business Administration. EXPERIENCE: 18 years of professional experience. Collaborated with cross-functional teams on communication and agile methodology projects. Managed a team of 9 employees in Sales department. Responsible for Microsoft Office and communication. Led agile methodology initiatives resulting in improved operational efficiency across Customer Service. Collaborated with cross-functional teams on financial analysis and agile methodology projects. SKILLS: process improvement, financial analysis, Microsoft Office, agile methodology, communication, Python.",18,Master of Business Administration,3.35,0,0,6,Marketing,Referral,1
C0148,"EDUCATION: Master of Science in Human Resources. EXPERIENCE: 11 years of professional experience. Led Microsoft Office initiatives resulting in improved operational efficiency across Communications. Spearheaded regulatory compliance programs that enhanced regulatory compliance outcomes. Designed and executed regulatory compliance frameworks supporting Human Resources objectives. SKILLS: regulatory compliance, communication, agile methodology, Microsoft Office, business development.",11,Master of Science,3.88,0,0,5,Risk Management,Referral,0
C0149,"EDUCATION: Bachelor of Arts in Communications. EXPERIENCE: 7 years of professional experience. Led strategic planning initiatives resulting in improved operational efficiency across Engineering. Spearheaded team leadership programs that enhanced team leadership outcomes. Developed and implemented team leadership strategies for the Engineering division. Designed and executed strategic planning frameworks supporting Marketing objectives. SKILLS: strategic planning, team leadership, business development.",7,Bachelor of Arts,3.12,0,1,3,Customer Service,Career Site,0
C0150,"EDUCATION: Master of Science in Data Analytics. EXPERIENCE: 4 years of professional experience. Led business development initiatives resulting in improved operational efficiency across Human Resources. Led risk assessment initiatives resulting in improved operational efficiency across Product. Led process improvement initiatives resulting in improved operational efficiency across IT. Developed and implemented SQL strategies for the IT division. SKILLS: stakeholder management, problem solving, training development, risk assessment, SQL, process improvement, business development.",4,Master of Science,3.17,1,0,7,Finance,Job Board,0
C0151,"EDUCATION: Bachelor of Arts in Psychology. EXPERIENCE: 5 years of professional experience. Developed and implemented regulatory compliance strategies for the Marketing division. Led data analysis initiatives resulting in improved operational efficiency across Engineering. Developed and implemented business development strategies for the Finance division. Collaborated with cross-functional teams on strategic planning and process improvement projects. SKILLS: regulatory compliance, process improvement, strategic planning, team leadership, business development, data analysis.",5,Bachelor of Arts,3.27,0,0,6,Customer Service,Referral,0
C0152,"EDUCATION: Bachelor of Science in Business Administration. EXPERIENCE: 21 years of professional experience. Oversaw strategic planning operations and drove strategic planning improvements. Developed and implemented problem solving strategies for the Engineering division. SKILLS: risk assessment, strategic planning, problem solving.",21,Bachelor of Science,3.19,0,0,3,Human Resources,Career Site,0
C0153,"EDUCATION: Bachelor of Science in Finance. EXPERIENCE: 13 years of professional experience. Collaborated with cross-functional teams on training development and communication projects. Oversaw communication operations and drove quality assurance improvements. SKILLS: training development, data analysis, communication, project management, quality assurance.",13,Bachelor of Science,3.78,0,0,5,Communications,Career Site,0
C0154,"EDUCATION: Master of Science in Data Analytics. EXPERIENCE: 16 years of professional experience. Developed and implemented risk assessment strategies for the Product division. Designed and executed SQL frameworks supporting Risk Management objectives. Managed a team of 7 employees in Communications department. Responsible for stakeholder management and strategic planning. SKILLS: stakeholder management, strategic planning, communication, process improvement, SQL, risk assessment.",16,Master of Science,2.61,0,0,6,Operations,Job Board,0
C0155,"EDUCATION: Master of Business Administration. EXPERIENCE: 3 years of professional experience. Oversaw regulatory compliance operations and drove Python improvements. Managed a team of 7 employees in IT department. Responsible for Python and regulatory compliance. SKILLS: communication, regulatory compliance, Python.",3,Master of Business Administration,3.45,0,0,3,Operations,Job Board,1
C0156,"EDUCATION: Bachelor of Arts in Psychology. EXPERIENCE: 3 years of professional experience. Managed a team of 3 employees in Legal department. Responsible for communication and communication. Managed a team of 5 employees in Legal department. Responsible for budgeting and communication. Collaborated with cross-functional teams on training development and data analysis projects. Collaborated with cross-functional teams on customer service and training development projects. SKILLS: customer service, business development, data analysis, communication, Microsoft Office, budgeting, process improvement, training development.",3,Bachelor of Arts,2.78,0,1,8,Finance,Referral,0
C0157,"EDUCATION: Bachelor of Arts in Psychology. EXPERIENCE: 18 years of professional experience. Led problem solving initiatives resulting in improved operational efficiency across Supply Chain. Led problem solving initiatives resulting in improved operational efficiency across Communications. Collaborated with cross-functional teams on Microsoft Office and SQL projects. Oversaw Microsoft Office operations and drove Microsoft Office improvements. SKILLS: problem solving, Microsoft Office, SQL.",18,Bachelor of Arts,3.74,0,1,3,Supply Chain,Career Site,0
C0158,"EDUCATION: Bachelor of Arts in Psychology. EXPERIENCE: 3 years of professional experience. Managed a team of 18 employees in Operations department. Responsible for quality assurance and financial analysis. Managed a team of 17 employees in Finance department. Responsible for quality assurance and SQL. SKILLS: quality assurance, project management, SQL, financial analysis.",3,Bachelor of Arts,3.38,0,0,4,Operations,Job Board,0
C0159,"EDUCATION: Bachelor of Science in Computer Science. EXPERIENCE: 12 years of professional experience. Developed and implemented strategic planning strategies for the Operations division. Spearheaded problem solving programs that enhanced process improvement outcomes. Collaborated with cross-functional teams on process improvement and agile methodology projects. SKILLS: business development, team leadership, SQL, strategic planning, budgeting, problem solving, process improvement, agile methodology.",12,Bachelor of Science,3.8,0,0,8,Product,Job Board,0
C0160,"EDUCATION: Bachelor of Arts in Psychology. EXPERIENCE: 11 years of professional experience. Designed and executed agile methodology frameworks supporting Legal objectives. Collaborated with cross-functional teams on project management and business development projects. Led stakeholder management initiatives resulting in improved operational efficiency across Finance. SKILLS: communication, business development, agile methodology, stakeholder management, project management, quality assurance.",11,Bachelor of Arts,2.72,0,1,6,Operations,Campus,0
C0161,"EDUCATION: Bachelor of Science in Finance. EXPERIENCE: 18 years of professional experience. Led problem solving initiatives resulting in improved operational efficiency across Product. Collaborated with cross-functional teams on project management and agile methodology projects. Managed a team of 5 employees in Operations department. Responsible for problem solving and agile methodology. SKILLS: project management, risk assessment, agile methodology, problem solving.",18,Bachelor of Science,2.71,0,1,4,Customer Service,Referral,0
C0162,"EDUCATION: Bachelor of Arts in Psychology. EXPERIENCE: 11 years of professional experience. Developed and implemented Microsoft Office strategies for the IT division. Led risk assessment initiatives resulting in improved operational efficiency across Engineering. Developed and implemented financial analysis strategies for the Operations division. Managed a team of 3 employees in Product department. Responsible for risk assessment and project management. SKILLS: Microsoft Office, stakeholder management, risk assessment, project management, financial analysis, strategic planning.",11,Bachelor of Arts,2.87,0,0,6,Operations,Career Site,0
C0163,"EDUCATION: Master of Science in Data Analytics. EXPERIENCE: 5 years of professional experience. Designed and executed SQL frameworks supporting Supply Chain objectives. Collaborated with cross-functional teams on financial analysis and strategic planning projects. Collaborated with cross-functional teams on financial analysis and strategic planning projects. SKILLS: Python, strategic planning, risk assessment, SQL, regulatory compliance, financial analysis, agile methodology, problem solving.",5,Master of Science,3.29,0,1,8,Product,Agency,0
C0164,"EDUCATION: Bachelor of Science in Finance. EXPERIENCE: 23 years of professional experience. Developed and implemented team leadership strategies for the Product division. Oversaw budgeting operations and drove training development improvements. SKILLS: SQL, team leadership, budgeting, agile methodology, Microsoft Office, quality assurance, training development.",23,Bachelor of Science,3.43,0,0,7,Customer Service,Referral,0
C0165,"EDUCATION: Bachelor of Science in Accounting. EXPERIENCE: 18 years of professional experience. Designed and executed SQL frameworks supporting IT objectives. Oversaw strategic planning operations and drove risk assessment improvements. SKILLS: SQL, strategic planning, risk assessment, regulatory compliance.",18,Bachelor of Science,2.87,0,1,4,Legal,Job Board,0
C0166,"EDUCATION: Bachelor of Science in Business Administration. EXPERIENCE: 1 years of professional experience. Oversaw SQL operations and drove Microsoft Office improvements. Designed and executed risk assessment frameworks supporting Product objectives. Spearheaded Microsoft Office programs that enhanced SQL outcomes. Managed a team of 11 employees in Product department. Responsible for SQL and financial analysis. SKILLS: project management, financial analysis, SQL, Microsoft Office, communication, risk assessment.",1,Bachelor of Science,3.56,0,0,6,Product,Campus,0
C0167,"EDUCATION: Master of Business Administration. EXPERIENCE: 2 years of professional experience. Spearheaded regulatory compliance programs that enhanced communication outcomes. Designed and executed problem solving frameworks supporting Customer Service objectives. Oversaw regulatory compliance operations and drove communication improvements. SKILLS: problem solving, regulatory compliance, communication, strategic planning, project management.",2,Master of Business Administration,3.42,0,0,5,Communications,Job Board,0
C0168,"EDUCATION: Associate Degree in Business. EXPERIENCE: 2 years of professional experience. Oversaw financial analysis operations and drove financial analysis improvements. Led data analysis initiatives resulting in improved operational efficiency across Human Resources. Oversaw strategic planning operations and drove strategic planning improvements. Developed and implemented strategic planning strategies for the Legal division. SKILLS: financial analysis, strategic planning, data analysis.",2,Associate Degree,3.24,0,0,3,Customer Service,Job Board,0
C0169,"EDUCATION: Bachelor of Arts in Psychology. EXPERIENCE: 18 years of professional experience. Designed and executed quality assurance frameworks supporting Product objectives. Designed and executed quality assurance frameworks supporting Sales objectives. SKILLS: quality assurance, stakeholder management, agile methodology.",18,Bachelor of Arts,3.47,0,1,3,Customer Service,Job Board,0
C0170,"EDUCATION: Bachelor of Science in Business Administration. EXPERIENCE: 2 years of professional experience. Designed and executed data analysis frameworks supporting Marketing objectives. Developed and implemented risk assessment strategies for the Legal division. SKILLS: data analysis, Python, risk assessment.",2,Bachelor of Science,3.09,1,1,3,Customer Service,Job Board,0
C0171,"EDUCATION: Master of Science in Data Analytics. EXPERIENCE: 19 years of professional experience. Led team leadership initiatives resulting in improved operational efficiency across IT. Developed and implemented stakeholder management strategies for the IT division. SKILLS: risk assessment, project management, stakeholder management, team leadership, data analysis.",19,Master of Science,3.85,0,0,5,Marketing,Job Board,0
C0172,"EDUCATION: Associate Degree in Business. EXPERIENCE: 12 years of professional experience. Collaborated with cross-functional teams on communication and financial analysis projects. Developed and implemented training development strategies for the Sales division. Collaborated with cross-functional teams on training development and project management projects. Managed a team of 17 employees in IT department. Responsible for regulatory compliance and regulatory compliance. SKILLS: Microsoft Office, communication, training development, project management, financial analysis, regulatory compliance.",12,Associate Degree,3.27,1,0,6,Legal,Job Board,0
C0173,"EDUCATION: Master of Business Administration. EXPERIENCE: 24 years of professional experience. Led customer service initiatives resulting in improved operational efficiency across Risk Management. Developed and implemented customer service strategies for the Finance division. SKILLS: problem solving, customer service, data analysis, agile methodology.",24,Master of Business Administration,2.83,0,0,4,Finance,Job Board,0
C0174,"EDUCATION: Bachelor of Science in Computer Science. EXPERIENCE: 24 years of professional experience. Oversaw strategic planning operations and drove regulatory compliance improvements. Designed and executed strategic planning frameworks supporting Product objectives. Spearheaded Microsoft Office programs that enhanced project management outcomes. SKILLS: project management, Microsoft Office, problem solving, strategic planning, regulatory compliance.",24,Bachelor of Science,3.42,1,0,5,Finance,Job Board,0
C0175,"EDUCATION: Bachelor of Science in Finance. EXPERIENCE: 1 years of professional experience. Collaborated with cross-functional teams on project management and business development projects. Managed a team of 4 employees in Operations department. Responsible for business development and project management. Led data analysis initiatives resulting in improved operational efficiency across Supply Chain. SKILLS: business development, data analysis, project management.",1,Bachelor of Science,2.92,0,0,3,Research,Referral,0
C0176,"EDUCATION: Bachelor of Science in Finance. EXPERIENCE: 5 years of professional experience. Collaborated with cross-functional teams on customer service and customer service projects. Oversaw financial analysis operations and drove financial analysis improvements. Managed a team of 5 employees in Supply Chain department. Responsible for financial analysis and data analysis. SKILLS: financial analysis, data analysis, customer service.",5,Bachelor of Science,3.8,0,1,3,IT,Referral,0
C0177,"EDUCATION: Bachelor of Arts in Psychology. EXPERIENCE: 7 years of professional experience. Collaborated with cross-functional teams on training development and stakeholder management projects. Collaborated with cross-functional teams on regulatory compliance and training development projects. SKILLS: training development, SQL, regulatory compliance, project management, risk assessment, data analysis, process improvement, stakeholder management.",7,Bachelor of Arts,3.37,0,0,8,Finance,Job Board,0
C0178,"EDUCATION: Bachelor of Science in Finance. EXPERIENCE: 7 years of professional experience. Oversaw team leadership operations and drove team leadership improvements. Designed and executed project management frameworks supporting Customer Service objectives. SKILLS: team leadership, SQL, financial analysis, risk assessment, Microsoft Office, agile methodology, communication, project management.",7,Bachelor of Science,3.57,1,1,8,Supply Chain,Job Board,0
C0179,"EDUCATION: Bachelor of Science in Accounting. EXPERIENCE: 12 years of professional experience. Designed and executed financial analysis frameworks supporting Customer Service objectives. Oversaw team leadership operations and drove team leadership improvements. Led team leadership initiatives resulting in improved operational efficiency across Supply Chain. SKILLS: financial analysis, process improvement, team leadership.",12,Bachelor of Science,3.11,1,1,3,IT,Agency,0
C0180,"EDUCATION: Bachelor of Science in Computer Science. EXPERIENCE: 22 years of professional experience. Collaborated with cross-functional teams on process improvement and communication projects. Developed and implemented business development strategies for the Operations division. Collaborated with cross-functional teams on communication and stakeholder management projects. Led communication initiatives resulting in improved operational efficiency across Operations. SKILLS: process improvement, budgeting, business development, financial analysis, communication, stakeholder management.",22,Bachelor of Science,2.72,1,0,6,Operations,Referral,0
C0181,"EDUCATION: Master of Science in Human Resources. EXPERIENCE: 4 years of professional experience. Spearheaded problem solving programs that enhanced agile methodology outcomes. Managed a team of 11 employees in Customer Service department. Responsible for data analysis and regulatory compliance. Oversaw data analysis operations and drove stakeholder management improvements. Developed and implemented communication strategies for the Human Resources division. SKILLS: problem solving, regulatory compliance, communication, Microsoft Office, agile methodology, data analysis, stakeholder management.",4,Master of Science,3.75,0,0,7,Operations,Career Site,0
C0182,"EDUCATION: Master of Business Administration. EXPERIENCE: 8 years of professional experience. Oversaw Microsoft Office operations and drove risk assessment improvements. Designed and executed agile methodology frameworks supporting Supply Chain objectives. Spearheaded quality assurance programs that enhanced agile methodology outcomes. Oversaw Microsoft Office operations and drove Python improvements. SKILLS: agile methodology, quality assurance, business development, Python, process improvement, risk assessment, Microsoft Office.",8,Master of Business Administration,2.95,0,0,7,Sales,Job Board,0
C0183,"EDUCATION: Master of Science in Data Analytics. EXPERIENCE: 6 years of professional experience. Managed a team of 5 employees in Engineering department. Responsible for training development and customer service. Collaborated with cross-functional teams on training development and customer service projects. Oversaw training development operations and drove project management improvements. Led quality assurance initiatives resulting in improved operational efficiency across Legal. SKILLS: customer service, Microsoft Office, project management, training development, quality assurance, communication, data analysis.",6,Master of Science,3.88,0,0,7,Research,Campus,0
C0184,"EDUCATION: Bachelor of Science in Business Administration. EXPERIENCE: 9 years of professional experience. Collaborated with cross-functional teams on training development and budgeting projects. Managed a team of 16 employees in Supply Chain department. Responsible for training development and training development. Developed and implemented business development strategies for the Finance division. Collaborated with cross-functional teams on risk assessment and training development projects. SKILLS: regulatory compliance, data analysis, risk assessment, business development, training development, problem solving, budgeting.",9,Bachelor of Science,2.64,0,0,7,Sales,Job Board,0
C0185,"EDUCATION: Bachelor of Arts in Communications. EXPERIENCE: 10 years of professional experience. Designed and executed risk assessment frameworks supporting Sales objectives. Managed a team of 7 employees in IT department. Responsible for customer service and project management. Managed a team of 19 employees in Marketing department. Responsible for project management and Python. Oversaw customer service operations and drove Python improvements. SKILLS: customer service, budgeting, agile methodology, strategic planning, Python, financial analysis, risk assessment, project management.",10,Bachelor of Arts,3.38,0,0,8,Supply Chain,Career Site,0
C0186,"EDUCATION: Bachelor of Science in Accounting. EXPERIENCE: 11 years of professional experience. Managed a team of 7 employees in Risk Management department. Responsible for risk assessment and problem solving. Collaborated with cross-functional teams on risk assessment and financial analysis projects. Designed and executed financial analysis frameworks supporting Communications objectives. SKILLS: risk assessment, problem solving, budgeting, financial analysis, regulatory compliance, project management, communication.",11,Bachelor of Science,2.95,0,0,7,Sales,Career Site,0
C0187,"EDUCATION: Master of Business Administration. EXPERIENCE: 6 years of professional experience. Led budgeting initiatives resulting in improved operational efficiency across Product. Designed and executed customer service frameworks supporting Finance objectives. SKILLS: regulatory compliance, risk assessment, Python, budgeting, customer service.",6,Master of Business Administration,3.45,0,0,5,Human Resources,Agency,0
C0188,"EDUCATION: Master of Business Administration. EXPERIENCE: 3 years of professional experience. Oversaw stakeholder management operations and drove quality assurance improvements. Led risk assessment initiatives resulting in improved operational efficiency across Human Resources. Managed a team of 8 employees in Research department. Responsible for data analysis and stakeholder management. SKILLS: risk assessment, data analysis, SQL, stakeholder management, quality assurance, regulatory compliance.",3,Master of Business Administration,3.49,0,1,6,Customer Service,Agency,0
C0189,"EDUCATION: Bachelor of Science in Accounting. EXPERIENCE: 14 years of professional experience. Spearheaded SQL programs that enhanced SQL outcomes. Developed and implemented team leadership strategies for the Supply Chain division. SKILLS: training development, SQL, risk assessment, team leadership, problem solving.",14,Bachelor of Science,3.06,0,1,5,Customer Service,Referral,0
C0190,"EDUCATION: Bachelor of Science in Accounting. EXPERIENCE: 17 years of professional experience. Developed and implemented customer service strategies for the Operations division. Designed and executed SQL frameworks supporting Sales objectives. SKILLS: customer service, quality assurance, SQL.",17,Bachelor of Science,3.22,1,1,3,Sales,Campus,0
C0191,"EDUCATION: Associate Degree in Business. EXPERIENCE: 3 years of professional experience. Oversaw training development operations and drove problem solving improvements. Designed and executed training development frameworks supporting Product objectives. SKILLS: problem solving, agile methodology, training development.",3,Associate Degree,3.35,1,1,3,Sales,Referral,0
C0192,"EDUCATION: Bachelor of Science in Business Administration. EXPERIENCE: 11 years of professional experience. Managed a team of 9 employees in Research department. Responsible for project management and agile methodology. Collaborated with cross-functional teams on Python and Microsoft Office projects. Spearheaded Python programs that enhanced SQL outcomes. SKILLS: stakeholder management, process improvement, Python, SQL, business development, project management, agile methodology, Microsoft Office.",11,Bachelor of Science,3.4,0,1,8,Engineering,Job Board,0
C0193,"EDUCATION: Master of Business Administration. EXPERIENCE: 23 years of professional experience. Designed and executed project management frameworks supporting Operations objectives. Developed and implemented project management strategies for the Research division. SKILLS: team leadership, stakeholder management, project management, regulatory compliance, business development, SQL.",23,Master of Business Administration,3.75,0,1,6,IT,Job Board,0
C0194,"EDUCATION: Bachelor of Science in Accounting. EXPERIENCE: 23 years of professional experience. Oversaw quality assurance operations and drove financial analysis improvements. Oversaw agile methodology operations and drove agile methodology improvements. Spearheaded quality assurance programs that enhanced quality assurance outcomes. Designed and executed agile methodology frameworks supporting IT objectives. SKILLS: financial analysis, risk assessment, quality assurance, regulatory compliance, agile methodology.",23,Bachelor of Science,2.97,0,0,5,Operations,Job Board,0
C0195,"EDUCATION: Master of Science in Data Analytics. EXPERIENCE: 11 years of professional experience. Oversaw process improvement operations and drove financial analysis improvements. Oversaw Microsoft Office operations and drove process improvement improvements. Led process improvement initiatives resulting in improved operational efficiency across Supply Chain. Designed and executed Microsoft Office frameworks supporting IT objectives. SKILLS: regulatory compliance, Microsoft Office, process improvement, financial analysis.",11,Master of Science,3.59,0,1,4,Engineering,Job Board,0
C0196,"EDUCATION: Bachelor of Science in Computer Science. EXPERIENCE: 23 years of professional experience. Spearheaded quality assurance programs that enhanced strategic planning outcomes. Developed and implemented Microsoft Office strategies for the Engineering division. Designed and executed Python frameworks supporting Legal objectives. SKILLS: Python, Microsoft Office, strategic planning, problem solving, risk assessment, quality assurance, customer service, regulatory compliance.",23,Bachelor of Science,2.78,0,1,8,Engineering,Referral,0
C0197,"EDUCATION: Bachelor of Science in Finance. EXPERIENCE: 2 years of professional experience. Oversaw budgeting operations and drove quality assurance improvements. Collaborated with cross-functional teams on budgeting and training development projects. Led budgeting initiatives resulting in improved operational efficiency across Operations. SKILLS: budgeting, training development, SQL, quality assurance, stakeholder management, customer service.",2,Bachelor of Science,3.77,0,1,6,Engineering,Job Board,0
C0198,"EDUCATION: Bachelor of Arts in Psychology. EXPERIENCE: 4 years of professional experience. Oversaw training development operations and drove SQL improvements. Spearheaded training development programs that enhanced business development outcomes. Spearheaded business development programs that enhanced training development outcomes. Led SQL initiatives resulting in improved operational efficiency across IT. SKILLS: training development, business development, SQL.",4,Bachelor of Arts,3.63,0,1,3,Customer Service,Job Board,0
C0199,"EDUCATION: Bachelor of Arts in Psychology. EXPERIENCE: 13 years of professional experience. Spearheaded Python programs that enhanced business development outcomes. Oversaw strategic planning operations and drove Python improvements. SKILLS: Python, communication, project management, strategic planning, business development.",13,Bachelor of Arts,2.64,1,1,5,Risk Management,Referral,0
C0200,"EDUCATION: Master of Science in Data Analytics. EXPERIENCE: 9 years of professional experience. Managed a team of 10 employees in Research department. Responsible for budgeting and problem solving. Spearheaded business development programs that enhanced business development outcomes. SKILLS: Python, business development, budgeting, problem solving, quality assurance, training development.",9,Master of Science,2.65,0,0,6,Human Resources,Career Site,0
C0201,"EDUCATION: Associate Degree in Business. EXPERIENCE: 25 years of professional experience. Led quality assurance initiatives resulting in improved operational efficiency across Legal. Developed and implemented quality assurance strategies for the Product division. Collaborated with cross-functional teams on business development and communication projects. SKILLS: budgeting, business development, communication, agile methodology, quality assurance, project management.",25,Associate Degree,2.72,0,0,6,Human Resources,Career Site,0
C0202,"EDUCATION: Master of Science in Human Resources. EXPERIENCE: 9 years of professional experience. Oversaw Microsoft Office operations and drove quality assurance improvements. Collaborated with cross-functional teams on quality assurance and problem solving projects. SKILLS: agile methodology, problem solving, business development, Microsoft Office, quality assurance, regulatory compliance, budgeting.",9,Master of Science,3.47,0,0,7,Human Resources,Job Board,0
C0203,"EDUCATION: Bachelor of Science in Computer Science. EXPERIENCE: 14 years of professional experience. Collaborated with cross-functional teams on training development and process improvement projects. Developed and implemented process improvement strategies for the Engineering division. Collaborated with cross-functional teams on agile methodology and regulatory compliance projects. Oversaw regulatory compliance operations and drove agile methodology improvements. SKILLS: project management, agile methodology, process improvement, training development, regulatory compliance, business development.",14,Bachelor of Science,3.77,0,0,6,Legal,Job Board,0
C0204,"EDUCATION: Bachelor of Science in Accounting. EXPERIENCE: 23 years of professional experience. Managed a team of 11 employees in Human Resources department. Responsible for training development and team leadership. Collaborated with cross-functional teams on Python and problem solving projects. Developed and implemented problem solving strategies for the Sales division. Led Python initiatives resulting in improved operational efficiency across Human Resources. SKILLS: data analysis, Python, team leadership, problem solving, training development.",23,Bachelor of Science,3.43,0,1,5,IT,Career Site,0
C0205,"EDUCATION: Bachelor of Science in Business Administration. EXPERIENCE: 7 years of professional experience. Oversaw financial analysis operations and drove stakeholder management improvements. Designed and executed financial analysis frameworks supporting Customer Service objectives. Spearheaded training development programs that enhanced training development outcomes. Spearheaded problem solving programs that enhanced budgeting outcomes. SKILLS: problem solving, financial analysis, training development, risk assessment, stakeholder management, budgeting, team leadership, customer service.",7,Bachelor of Science,3.78,0,0,8,Communications,Campus,0
C0206,"EDUCATION: Master of Science in Human Resources. EXPERIENCE: 5 years of professional experience. Managed a team of 18 employees in Marketing department. Responsible for project management and project management. Designed and executed business development frameworks supporting IT objectives. SKILLS: quality assurance, project management, business development, training development, data analysis.",5,Master of Science,2.87,1,1,5,Marketing,Campus,0
C0207,"EDUCATION: Bachelor of Science in Finance. EXPERIENCE: 15 years of professional experience. Designed and executed risk assessment frameworks supporting Research objectives. Spearheaded Microsoft Office programs that enhanced risk assessment outcomes. Designed and executed risk assessment frameworks supporting Customer Service objectives. Spearheaded customer service programs that enhanced data analysis outcomes. SKILLS: customer service, Python, problem solving, data analysis, team leadership, Microsoft Office, risk assessment, project management.",15,Bachelor of Science,2.61,1,0,8,Operations,Referral,0
C0208,"EDUCATION: Bachelor of Arts in Communications. EXPERIENCE: 1 years of professional experience. Collaborated with cross-functional teams on customer service and stakeholder management projects. Collaborated with cross-functional teams on financial analysis and stakeholder management projects. Oversaw stakeholder management operations and drove stakeholder management improvements. SKILLS: customer service, stakeholder management, agile methodology, training development, financial analysis.",1,Bachelor of Arts,2.52,0,0,5,Sales,Campus,1
C0209,"EDUCATION: Master of Science in Data Analytics. EXPERIENCE: 15 years of professional experience. Collaborated with cross-functional teams on risk assessment and problem solving projects. Managed a team of 12 employees in Operations department. Responsible for SQL and agile methodology. SKILLS: SQL, risk assessment, agile methodology, budgeting, quality assurance, problem solving.",15,Master of Science,3.2,1,0,6,Legal,Career Site,0
C0210,"EDUCATION: Master of Business Administration. EXPERIENCE: 12 years of professional experience. Led financial analysis initiatives resulting in improved operational efficiency across Customer Service. Managed a team of 7 employees in Supply Chain department. Responsible for risk assessment and stakeholder management. Managed a team of 19 employees in Sales department. Responsible for project management and stakeholder management. SKILLS: stakeholder management, team leadership, financial analysis, process improvement, risk assessment, project management, business development, Python.",12,Master of Business Administration,3.17,0,0,8,Operations,Job Board,0
C0211,"EDUCATION: Associate Degree in Business. EXPERIENCE: 19 years of professional experience. Collaborated with cross-functional teams on agile methodology and regulatory compliance projects. Managed a team of 20 employees in Supply Chain department. Responsible for project management and regulatory compliance. SKILLS: budgeting, process improvement, strategic planning, financial analysis, regulatory compliance, project management, agile methodology.",19,Associate Degree,3.26,0,0,7,Marketing,Job Board,0
C0212,"EDUCATION: Master of Science in Data Analytics. EXPERIENCE: 3 years of professional experience. Collaborated with cross-functional teams on budgeting and strategic planning projects. Managed a team of 12 employees in Finance department. Responsible for budgeting and budgeting. Collaborated with cross-functional teams on budgeting and communication projects. Spearheaded strategic planning programs that enhanced strategic planning outcomes. SKILLS: strategic planning, budgeting, SQL, communication, quality assurance, agile methodology.",3,Master of Science,2.75,0,1,6,Finance,Job Board,0
C0213,"EDUCATION: Bachelor of Science in Computer Science. EXPERIENCE: 4 years of professional experience. Oversaw Python operations and drove problem solving improvements. Oversaw budgeting operations and drove Python improvements. SKILLS: risk assessment, team leadership, Python, budgeting, problem solving.",4,Bachelor of Science,3.37,0,0,5,Customer Service,Campus,0
C0214,"EDUCATION: Master of Science in Data Analytics. EXPERIENCE: 8 years of professional experience. Collaborated with cross-functional teams on agile methodology and SQL projects. Collaborated with cross-functional teams on SQL and SQL projects. SKILLS: strategic planning, business development, quality assurance, communication, SQL, agile methodology, financial analysis, budgeting.",8,Master of Science,2.66,0,1,8,Marketing,Job Board,0
C0215,"EDUCATION: Associate Degree in Business. EXPERIENCE: 17 years of professional experience. Collaborated with cross-functional teams on communication and regulatory compliance projects. Developed and implemented business development strategies for the Sales division. Collaborated with cross-functional teams on regulatory compliance and Python projects. SKILLS: Python, business development, regulatory compliance, budgeting, communication, quality assurance, data analysis.",17,Associate Degree,3.15,0,0,7,Risk Management,Referral,0
C0216,"EDUCATION: Master of Business Administration. EXPERIENCE: 10 years of professional experience. Collaborated with cross-functional teams on strategic planning and stakeholder management projects. Collaborated with cross-functional teams on stakeholder management and risk assessment projects. SKILLS: communication, stakeholder management, risk assessment, project management, strategic planning, problem solving.",10,Master of Business Administration,2.86,0,1,6,Communications,Referral,0
C0217,"EDUCATION: Master of Business Administration. EXPERIENCE: 4 years of professional experience. Managed a team of 3 employees in Marketing department. Responsible for agile methodology and agile methodology. Managed a team of 7 employees in Finance department. Responsible for strategic planning and agile methodology. SKILLS: strategic planning, problem solving, business development, agile methodology.",4,Master of Business Administration,2.77,1,0,4,Marketing,Career Site,1
C0218,"EDUCATION: Bachelor of Science in Finance. EXPERIENCE: 11 years of professional experience. Managed a team of 5 employees in Finance department. Responsible for problem solving and process improvement. Designed and executed business development frameworks supporting Communications objectives. SKILLS: process improvement, business development, team leadership, data analysis, problem solving.",11,Bachelor of Science,3.74,1,0,5,Product,Career Site,0
C0219,"EDUCATION: Bachelor of Science in Accounting. EXPERIENCE: 17 years of professional experience. Designed and executed SQL frameworks supporting Marketing objectives. Spearheaded financial analysis programs that enhanced financial analysis outcomes. SKILLS: SQL, regulatory compliance, financial analysis.",17,Bachelor of Science,3.27,1,1,3,Product,Campus,0
C0220,"EDUCATION: Bachelor of Science in Computer Science. EXPERIENCE: 15 years of professional experience. Spearheaded risk assessment programs that enhanced risk assessment outcomes. Designed and executed team leadership frameworks supporting Legal objectives. Designed and executed data analysis frameworks supporting Research objectives. SKILLS: Python, financial analysis, data analysis, agile methodology, strategic planning, risk assessment, team leadership.",15,Bachelor of Science,2.86,0,0,7,Marketing,Job Board,0
C0221,"EDUCATION: Bachelor of Arts in Psychology. EXPERIENCE: 5 years of professional experience. Managed a team of 12 employees in Communications department. Responsible for training development and training development. Spearheaded Python programs that enhanced quality assurance outcomes. Collaborated with cross-functional teams on customer service and regulatory compliance projects. Collaborated with cross-functional teams on team leadership and quality assurance projects. SKILLS: communication, data analysis, team leadership, regulatory compliance, customer service, training development, quality assurance, Python.",5,Bachelor of Arts,2.79,0,1,8,Human Resources,Career Site,0
C0222,"EDUCATION: Bachelor of Arts in Psychology. EXPERIENCE: 16 years of professional experience. Oversaw agile methodology operations and drove SQL improvements. Collaborated with cross-functional teams on SQL and agile methodology projects. Oversaw SQL operations and drove agile methodology improvements. SKILLS: data analysis, SQL, agile methodology.",16,Bachelor of Arts,3.8,0,0,3,Marketing,Job Board,0
C0223,"EDUCATION: Master of Business Administration. EXPERIENCE: 16 years of professional experience. Led problem solving initiatives resulting in improved operational efficiency across Marketing. Spearheaded problem solving programs that enhanced stakeholder management outcomes. Led problem solving initiatives resulting in improved operational efficiency across Finance. SKILLS: problem solving, SQL, stakeholder management.",16,Master of Business Administration,3.04,0,1,3,Operations,Job Board,0
C0224,"EDUCATION: Associate Degree in Business. EXPERIENCE: 7 years of professional experience. Led agile methodology initiatives resulting in improved operational efficiency across Research. Oversaw risk assessment operations and drove customer service improvements. SKILLS: process improvement, strategic planning, project management, customer service, risk assessment, agile methodology, stakeholder management.",7,Associate Degree,3.83,0,0,7,IT,Referral,0
C0225,"EDUCATION: Associate Degree in Business. EXPERIENCE: 10 years of professional experience. Designed and executed stakeholder management frameworks supporting Finance objectives. Managed a team of 16 employees in IT department. Responsible for process improvement and financial analysis. Managed a team of 18 employees in Risk Management department. Responsible for data analysis and data analysis. Spearheaded financial analysis programs that enhanced budgeting outcomes. SKILLS: business development, Microsoft Office, stakeholder management, data analysis, budgeting, process improvement, financial analysis.",10,Associate Degree,2.83,0,0,7,Engineering,Referral,0
C0226,"EDUCATION: Bachelor of Science in Business Administration. EXPERIENCE: 17 years of professional experience. Managed a team of 10 employees in Risk Management department. Responsible for agile methodology and Python. Collaborated with cross-functional teams on data analysis and data analysis projects. SKILLS: data analysis, Python, SQL, agile methodology, training development.",17,Bachelor of Science,3.7,1,1,5,Engineering,Campus,0
C0227,"EDUCATION: Bachelor of Science in Business Administration. EXPERIENCE: 16 years of professional experience. Led financial analysis initiatives resulting in improved operational efficiency across Research. Designed and executed stakeholder management frameworks supporting Risk Management objectives. Spearheaded financial analysis programs that enhanced agile methodology outcomes. Led quality assurance initiatives resulting in improved operational efficiency across Research. SKILLS: training development, stakeholder management, project management, quality assurance, financial analysis, agile methodology, risk assessment.",16,Bachelor of Science,2.99,0,0,7,Sales,Career Site,0
C0228,"EDUCATION: Bachelor of Science in Finance. EXPERIENCE: 22 years of professional experience. Collaborated with cross-functional teams on customer service and strategic planning projects. Led communication initiatives resulting in improved operational efficiency across Human Resources. Spearheaded project management programs that enhanced project management outcomes. SKILLS: project management, customer service, communication, SQL, problem solving, strategic planning.",22,Bachelor of Science,3.97,0,0,6,Risk Management,Job Board,0
C0229,"EDUCATION: Bachelor of Science in Finance. EXPERIENCE: 6 years of professional experience. Designed and executed project management frameworks supporting Operations objectives. Designed and executed team leadership frameworks supporting Product objectives. SKILLS: project management, Python, team leadership.",6,Bachelor of Science,3.22,1,1,3,IT,Job Board,0
C0230,"EDUCATION: Master of Science in Human Resources. EXPERIENCE: 7 years of professional experience. Developed and implemented team leadership strategies for the IT division. Led process improvement initiatives resulting in improved operational efficiency across Operations. Designed and executed regulatory compliance frameworks supporting Sales objectives. Managed a team of 13 employees in Risk Management department. Responsible for regulatory compliance and regulatory compliance. SKILLS: team leadership, process improvement, business development, regulatory compliance, problem solving.",7,Master of Science,2.66,1,1,5,Customer Service,Job Board,0
C0231,"EDUCATION: Master of Science in Data Analytics. EXPERIENCE: 22 years of professional experience. Spearheaded business development programs that enhanced process improvement outcomes. Developed and implemented Microsoft Office strategies for the Finance division. Led business development initiatives resulting in improved operational efficiency across IT. SKILLS: Microsoft Office, problem solving, business development, risk assessment, team leadership, process improvement.",22,Master of Science,3.98,0,1,6,Operations,Career Site,0
C0232,"EDUCATION: Bachelor of Science in Accounting. EXPERIENCE: 17 years of professional experience. Designed and executed project management frameworks supporting IT objectives. Collaborated with cross-functional teams on data analysis and stakeholder management projects. Spearheaded data analysis programs that enhanced business development outcomes. Developed and implemented team leadership strategies for the Risk Management division. SKILLS: strategic planning, stakeholder management, project management, business development, budgeting, data analysis, team leadership, risk assessment.",17,Bachelor of Science,2.56,0,0,8,Human Resources,Job Board,0
C0233,"EDUCATION: Master of Science in Human Resources. EXPERIENCE: 5 years of professional experience. Developed and implemented SQL strategies for the Human Resources division. Managed a team of 18 employees in Engineering department. Responsible for SQL and communication. Collaborated with cross-functional teams on communication and communication projects. SKILLS: financial analysis, communication, SQL.",5,Master of Science,2.78,1,1,3,Human Resources,Campus,1
C0234,"EDUCATION: Master of Business Administration. EXPERIENCE: 9 years of professional experience. Developed and implemented customer service strategies for the Marketing division. Led process improvement initiatives resulting in improved operational efficiency across Engineering. Designed and executed process improvement frameworks supporting IT objectives. SKILLS: quality assurance, customer service, process improvement, regulatory compliance.",9,Master of Business Administration,2.65,0,1,4,Legal,Job Board,0
C0235,"EDUCATION: Bachelor of Arts in Communications. EXPERIENCE: 9 years of professional experience. Managed a team of 7 employees in Human Resources department. Responsible for financial analysis and team leadership. Managed a team of 6 employees in Product department. Responsible for financial analysis and stakeholder management. Designed and executed team leadership frameworks supporting Legal objectives. Developed and implemented team leadership strategies for the IT division. SKILLS: financial analysis, stakeholder management, team leadership.",9,Bachelor of Arts,2.62,0,0,3,Marketing,Agency,0
C0236,"EDUCATION: Master of Science in Data Analytics. EXPERIENCE: 24 years of professional experience. Led customer service initiatives resulting in improved operational efficiency across Supply Chain. Managed a team of 19 employees in Engineering department. Responsible for customer service and risk assessment. Spearheaded risk assessment programs that enhanced customer service outcomes. Spearheaded project management programs that enhanced project management outcomes. SKILLS: regulatory compliance, customer service, project management, risk assessment.",24,Master of Science,2.7,0,0,4,IT,Campus,0
C0237,"EDUCATION: Master of Science in Human Resources. EXPERIENCE: 9 years of professional experience. Spearheaded regulatory compliance programs that enhanced Python outcomes. Spearheaded SQL programs that enhanced process improvement outcomes. Led process improvement initiatives resulting in improved operational efficiency across Risk Management. Managed a team of 10 employees in Marketing department. Responsible for process improvement and regulatory compliance. SKILLS: regulatory compliance, financial analysis, SQL, Python, customer service, process improvement.",9,Master of Science,2.85,1,0,6,Sales,Career Site,0
C0238,"EDUCATION: Bachelor of Science in Business Administration. EXPERIENCE: 21 years of professional experience. Oversaw data analysis operations and drove business development improvements. Managed a team of 13 employees in Sales department. Responsible for financial analysis and agile methodology. SKILLS: data analysis, team leadership, agile methodology, communication, Microsoft Office, quality assurance, business development, financial analysis.",21,Bachelor of Science,2.72,0,1,8,Research,Referral,0
C0239,"EDUCATION: Master of Science in Human Resources. EXPERIENCE: 22 years of professional experience. Oversaw stakeholder management operations and drove process improvement improvements. Designed and executed strategic planning frameworks supporting Sales objectives. Led strategic planning initiatives resulting in improved operational efficiency across Product. Collaborated with cross-functional teams on process improvement and strategic planning projects. SKILLS: process improvement, strategic planning, stakeholder management.",22,Master of Science,3.2,0,0,3,Finance,Job Board,0
C0240,"EDUCATION: Master of Science in Data Analytics. EXPERIENCE: 14 years of professional experience. Developed and implemented quality assurance strategies for the Engineering division. Collaborated with cross-functional teams on financial analysis and budgeting projects. SKILLS: budgeting, quality assurance, financial analysis.",14,Master of Science,3.38,0,0,3,Operations,Career Site,0
C0241,"EDUCATION: Master of Science in Human Resources. EXPERIENCE: 9 years of professional experience. Collaborated with cross-functional teams on budgeting and Python projects. Designed and executed SQL frameworks supporting Research objectives. SKILLS: Python, budgeting, Microsoft Office, SQL, risk assessment.",9,Master of Science,2.83,1,1,5,Customer Service,Job Board,1
C0242,"EDUCATION: Bachelor of Science in Finance. EXPERIENCE: 22 years of professional experience. Designed and executed process improvement frameworks supporting Supply Chain objectives. Managed a team of 6 employees in Sales department. Responsible for SQL and SQL. Designed and executed quality assurance frameworks supporting Communications objectives. Designed and executed quality assurance frameworks supporting Marketing objectives. SKILLS: communication, customer service, SQL, process improvement, training development, quality assurance, data analysis.",22,Bachelor of Science,3.97,1,0,7,Finance,Referral,0
C0243,"EDUCATION: Bachelor of Science in Accounting. EXPERIENCE: 11 years of professional experience. Collaborated with cross-functional teams on project management and training development projects. Oversaw training development operations and drove strategic planning improvements. SKILLS: project management, strategic planning, training development, stakeholder management.",11,Bachelor of Science,3.44,0,0,4,Research,Career Site,0
C0244,"EDUCATION: Master of Science in Data Analytics. EXPERIENCE: 8 years of professional experience. Managed a team of 13 employees in Operations department. Responsible for customer service and financial analysis. Led customer service initiatives resulting in improved operational efficiency across Operations. Collaborated with cross-functional teams on Python and regulatory compliance projects. SKILLS: regulatory compliance, business development, process improvement, customer service, agile methodology, Python, financial analysis.",8,Master of Science,2.65,1,0,7,Marketing,Job Board,0
C0245,"EDUCATION: Master of Science in Human Resources. EXPERIENCE: 18 years of professional experience. Managed a team of 6 employees in Research department. Responsible for budgeting and data analysis. Led Microsoft Office initiatives resulting in improved operational efficiency across Sales. Managed a team of 11 employees in Finance department. Responsible for budgeting and stakeholder management. Developed and implemented stakeholder management strategies for the Sales division. SKILLS: stakeholder management, data analysis, Microsoft Office, budgeting.",18,Master of Science,3.89,1,1,4,IT,Referral,0
C0246,"EDUCATION: Master of Science in Data Analytics. EXPERIENCE: 2 years of professional experience. Oversaw team leadership operations and drove training development improvements. Designed and executed SQL frameworks supporting Risk Management objectives. Designed and executed team leadership frameworks supporting Operations objectives. SKILLS: team leadership, SQL, training development.",2,Master of Science,3.26,0,0,3,Sales,Career Site,0
C0247,"EDUCATION: Associate Degree in Business. EXPERIENCE: 23 years of professional experience. Managed a team of 6 employees in Research department. Responsible for quality assurance and SQL. Oversaw project management operations and drove Python improvements. SKILLS: SQL, project management, stakeholder management, process improvement, quality assurance, agile methodology, Python.",23,Associate Degree,2.74,1,0,7,Supply Chain,Referral,0
C0248,"EDUCATION: Master of Science in Data Analytics. EXPERIENCE: 5 years of professional experience. Collaborated with cross-functional teams on Microsoft Office and problem solving projects. Spearheaded problem solving programs that enhanced regulatory compliance outcomes. Oversaw regulatory compliance operations and drove Microsoft Office improvements. SKILLS: problem solving, Microsoft Office, regulatory compliance.",5,Master of Science,3.75,1,0,3,Legal,Referral,1
C0249,"EDUCATION: Bachelor of Science in Business Administration. EXPERIENCE: 6 years of professional experience. Managed a team of 20 employees in Marketing department. Responsible for agile methodology and team leadership. Managed a team of 8 employees in Sales department. Responsible for team leadership and problem solving. Collaborated with cross-functional teams on problem solving and problem solving projects. SKILLS: team leadership, problem solving, risk assessment, agile methodology.",6,Bachelor of Science,2.9,0,0,4,Customer Service,Career Site,0
C0250,"EDUCATION: Bachelor of Science in Accounting. EXPERIENCE: 7 years of professional experience. Collaborated with cross-functional teams on SQL and problem solving projects. Developed and implemented budgeting strategies for the IT division. Led financial analysis initiatives resulting in improved operational efficiency across Engineering. SKILLS: training development, quality assurance, strategic planning, budgeting, problem solving, stakeholder management, financial analysis, SQL.",7,Bachelor of Science,3.89,0,1,8,Risk Management,Job Board,0
C0251,"EDUCATION: Master of Science in Human Resources. EXPERIENCE: 21 years of professional experience. Oversaw business development operations and drove communication improvements. Spearheaded communication programs that enhanced communication outcomes. Managed a team of 19 employees in Risk Management department. Responsible for business development and business development. Managed a team of 10 employees in Customer Service department. Responsible for business development and customer service. SKILLS: customer service, communication, data analysis, Python, business development, SQL, quality assurance.",21,Master of Science,3.01,1,0,7,Customer Service,Career Site,0
C0252,"EDUCATION: Associate Degree in Business. EXPERIENCE: 5 years of professional experience. Managed a team of 16 employees in Product department. Responsible for SQL and SQL. Designed and executed strategic planning frameworks supporting Supply Chain objectives. SKILLS: SQL, business development, strategic planning.",5,Associate Degree,3.28,0,0,3,IT,Career Site,0
C0253,"EDUCATION: Bachelor of Arts in Psychology. EXPERIENCE: 22 years of professional experience. Designed and executed team leadership frameworks supporting Finance objectives. Designed and executed Python frameworks supporting Communications objectives. Managed a team of 3 employees in Human Resources department. Responsible for training development and stakeholder management. SKILLS: team leadership, stakeholder management, training development, business development, strategic planning, Python.",22,Bachelor of Arts,3.64,1,0,6,Communications,Referral,0
C0254,"EDUCATION: Associate Degree in Business. EXPERIENCE: 21 years of professional experience. Managed a team of 3 employees in Supply Chain department. Responsible for business development and agile methodology. Developed and implemented team leadership strategies for the Research division. Designed and executed business development frameworks supporting Engineering objectives. SKILLS: regulatory compliance, team leadership, business development, Microsoft Office, risk assessment, agile methodology, data analysis, Python.",21,Associate Degree,3.32,1,0,8,Marketing,Career Site,0
C0255,"EDUCATION: Master of Business Administration. EXPERIENCE: 5 years of professional experience. Designed and executed business development frameworks supporting Customer Service objectives. Managed a team of 13 employees in Legal department. Responsible for financial analysis and regulatory compliance. SKILLS: regulatory compliance, training development, risk assessment, financial analysis, business development, SQL, agile methodology.",5,Master of Business Administration,3.26,0,1,7,Product,Job Board,0
C0256,"EDUCATION: Bachelor of Science in Finance. EXPERIENCE: 8 years of professional experience. Developed and implemented business development strategies for the Human Resources division. Spearheaded data analysis programs that enhanced business development outcomes. Collaborated with cross-functional teams on business development and data analysis projects. SKILLS: data analysis, business development, project management.",8,Bachelor of Science,3.7,0,0,3,Customer Service,Referral,0
C0257,"EDUCATION: Bachelor of Science in Finance. EXPERIENCE: 6 years of professional experience. Collaborated with cross-functional teams on strategic planning and regulatory compliance projects. Managed a team of 16 employees in Sales department. Responsible for process improvement and regulatory compliance. Spearheaded data analysis programs that enhanced strategic planning outcomes. Designed and executed process improvement frameworks supporting Marketing objectives. SKILLS: strategic planning, process improvement, data analysis, regulatory compliance.",6,Bachelor of Science,2.59,0,0,4,Communications,Job Board,0
C0258,"EDUCATION: Associate Degree in Business. EXPERIENCE: 4 years of professional experience. Spearheaded SQL programs that enhanced SQL outcomes. Developed and implemented agile methodology strategies for the Customer Service division. Led agile methodology initiatives resulting in improved operational efficiency across Sales. Designed and executed SQL frameworks supporting Customer Service objectives. SKILLS: customer service, agile methodology, SQL.",4,Associate Degree,3.1,1,1,3,Sales,Agency,0
C0259,"EDUCATION: Bachelor of Arts in Psychology. EXPERIENCE: 17 years of professional experience. Oversaw agile methodology operations and drove communication improvements. Managed a team of 10 employees in Legal department. Responsible for communication and agile methodology. Oversaw communication operations and drove team leadership improvements. Developed and implemented financial analysis strategies for the Human Resources division. SKILLS: team leadership, communication, agile methodology, financial analysis.",17,Bachelor of Arts,3.73,1,0,4,Engineering,Agency,0
C0260,"EDUCATION: Bachelor of Arts in Psychology. EXPERIENCE: 13 years of professional experience. Oversaw process improvement operations and drove financial analysis improvements. Led problem solving initiatives resulting in improved operational efficiency across Research. SKILLS: agile methodology, problem solving, process improvement, training development, financial analysis, stakeholder management, budgeting, project management.",13,Bachelor of Arts,3.07,0,0,8,Legal,Agency,0
C0261,"EDUCATION: Master of Science in Data Analytics. EXPERIENCE: 24 years of professional experience. Developed and implemented project management strategies for the Customer Service division. Led quality assurance initiatives resulting in improved operational efficiency across Operations. SKILLS: financial analysis, quality assurance, regulatory compliance, training development, project management.",24,Master of Science,3.42,1,0,5,Supply Chain,Agency,1
C0262,"EDUCATION: Bachelor of Science in Business Administration. EXPERIENCE: 10 years of professional experience. Led data analysis initiatives resulting in improved operational efficiency across Sales. Designed and executed financial analysis frameworks supporting Engineering objectives. SKILLS: strategic planning, data analysis, financial analysis.",10,Bachelor of Science,3.83,0,1,3,Human Resources,Job Board,0
C0263,"EDUCATION: Bachelor of Science in Accounting. EXPERIENCE: 15 years of professional experience. Collaborated with cross-functional teams on Python and training development projects. Led Python initiatives resulting in improved operational efficiency across IT. Oversaw communication operations and drove communication improvements. Collaborated with cross-functional teams on Python and team leadership projects. SKILLS: Python, communication, customer service, team leadership, training development, process improvement.",15,Bachelor of Science,3.78,0,0,6,Supply Chain,Agency,0
C0264,"EDUCATION: Bachelor of Arts in Communications. EXPERIENCE: 13 years of professional experience. Collaborated with cross-functional teams on quality assurance and risk assessment projects. Oversaw team leadership operations and drove team leadership improvements. SKILLS: team leadership, quality assurance, risk assessment.",13,Bachelor of Arts,2.81,0,0,3,Finance,Agency,0
C0265,"EDUCATION: Master of Science in Human Resources. EXPERIENCE: 4 years of professional experience. Led regulatory compliance initiatives resulting in improved operational efficiency across Finance. Collaborated with cross-functional teams on strategic planning and strategic planning projects. Collaborated with cross-functional teams on customer service and strategic planning projects. Managed a team of 16 employees in Finance department. Responsible for strategic planning and strategic planning. SKILLS: regulatory compliance, customer service, strategic planning.",4,Master of Science,2.82,0,1,3,Operations,Referral,0
C0266,"EDUCATION: Master of Business Administration. EXPERIENCE: 17 years of professional experience. Designed and executed financial analysis frameworks supporting Human Resources objectives. Led financial analysis initiatives resulting in improved operational efficiency across Legal. Developed and implemented communication strategies for the IT division. Collaborated with cross-functional teams on training development and risk assessment projects. SKILLS: process improvement, communication, data analysis, team leadership, financial analysis, risk assessment, training development.",17,Master of Business Administration,2.74,1,1,7,Sales,Job Board,0
C0267,"EDUCATION: Bachelor of Arts in Communications. EXPERIENCE: 11 years of professional experience. Managed a team of 5 employees in Engineering department. Responsible for business development and risk assessment. Oversaw Python operations and drove Python improvements. Collaborated with cross-functional teams on communication and risk assessment projects. SKILLS: business development, quality assurance, communication, team leadership, Python, risk assessment, training development.",11,Bachelor of Arts,2.53,0,1,7,Communications,Job Board,0
C0268,"EDUCATION: Bachelor of Science in Business Administration. EXPERIENCE: 17 years of professional experience. Managed a team of 6 employees in Supply Chain department. Responsible for risk assessment and stakeholder management. Designed and executed risk assessment frameworks supporting Finance objectives. Spearheaded stakeholder management programs that enhanced stakeholder management outcomes. Spearheaded Python programs that enhanced stakeholder management outcomes. SKILLS: Python, risk assessment, agile methodology, stakeholder management, quality assurance.",17,Bachelor of Science,2.73,1,1,5,Product,Job Board,0
C0269,"EDUCATION: Bachelor of Arts in Psychology. EXPERIENCE: 25 years of professional experience. Developed and implemented strategic planning strategies for the Operations division. Spearheaded Microsoft Office programs that enhanced customer service outcomes. SKILLS: strategic planning, Microsoft Office, customer service.",25,Bachelor of Arts,2.66,1,1,3,Research,Career Site,0
C0270,"EDUCATION: Bachelor of Science in Business Administration. EXPERIENCE: 4 years of professional experience. Developed and implemented SQL strategies for the Finance division. Designed and executed communication frameworks supporting Operations objectives. SKILLS: stakeholder management, training development, communication, Microsoft Office, SQL, regulatory compliance.",4,Bachelor of Science,3.22,0,1,6,Research,Career Site,0
C0271,"EDUCATION: Bachelor of Arts in Communications. EXPERIENCE: 20 years of professional experience. Managed a team of 4 employees in Human Resources department. Responsible for customer service and stakeholder management. Collaborated with cross-functional teams on strategic planning and quality assurance projects. Spearheaded Microsoft Office programs that enhanced customer service outcomes. Managed a team of 12 employees in Engineering department. Responsible for Microsoft Office and communication. SKILLS: quality assurance, communication, stakeholder management, data analysis, Microsoft Office, customer service, strategic planning.",20,Bachelor of Arts,3.9,0,0,7,Supply Chain,Referral,0
C0272,"EDUCATION: Bachelor of Science in Accounting. EXPERIENCE: 19 years of professional experience. Designed and executed stakeholder management frameworks supporting Risk Management objectives. Spearheaded stakeholder management programs that enhanced problem solving outcomes. Led problem solving initiatives resulting in improved operational efficiency across Communications. SKILLS: SQL, regulatory compliance, problem solving, agile methodology, stakeholder management, quality assurance.",19,Bachelor of Science,3.08,1,0,6,IT,Referral,0
C0273,"EDUCATION: Bachelor of Science in Business Administration. EXPERIENCE: 25 years of professional experience. Developed and implemented strategic planning strategies for the Marketing division. Led strategic planning initiatives resulting in improved operational efficiency across Engineering. Collaborated with cross-functional teams on financial analysis and communication projects. Spearheaded financial analysis programs that enhanced communication outcomes. SKILLS: communication, strategic planning, customer service, financial analysis.",25,Bachelor of Science,3.19,0,0,4,Legal,Career Site,0
C0274,"EDUCATION: Bachelor of Science in Finance. EXPERIENCE: 18 years of professional experience. Led budgeting initiatives resulting in improved operational efficiency across IT. Oversaw budgeting operations and drove Microsoft Office improvements. Led budgeting initiatives resulting in improved operational efficiency across Communications. Designed and executed problem solving frameworks supporting Operations objectives. SKILLS: budgeting, problem solving, Microsoft Office.",18,Bachelor of Science,2.68,1,0,3,Marketing,Job Board,0
C0275,"EDUCATION: Bachelor of Arts in Communications. EXPERIENCE: 18 years of professional experience. Led communication initiatives resulting in improved operational efficiency across Research. Designed and executed financial analysis frameworks supporting Legal objectives. Collaborated with cross-functional teams on project management and regulatory compliance projects. Spearheaded financial analysis programs that enhanced stakeholder management outcomes. SKILLS: regulatory compliance, stakeholder management, strategic planning, project management, communication, Microsoft Office, financial analysis, agile methodology.",18,Bachelor of Arts,3.51,1,0,8,Research,Job Board,0
C0276,"EDUCATION: Master of Business Administration. EXPERIENCE: 9 years of professional experience. Designed and executed quality assurance frameworks supporting Legal objectives. Spearheaded strategic planning programs that enhanced Microsoft Office outcomes. SKILLS: Microsoft Office, quality assurance, strategic planning, training development.",9,Master of Business Administration,3.78,0,0,4,Risk Management,Referral,0
C0277,"EDUCATION: Associate Degree in Business. EXPERIENCE: 14 years of professional experience. Collaborated with cross-functional teams on risk assessment and risk assessment projects. Designed and executed Python frameworks supporting Customer Service objectives. Managed a team of 9 employees in Risk Management department. Responsible for project management and risk assessment. Managed a team of 5 employees in Legal department. Responsible for risk assessment and project management. SKILLS: risk assessment, Python, project management, training development.",14,Associate Degree,2.62,0,1,4,Research,Career Site,0
C0278,"EDUCATION: Associate Degree in Business. EXPERIENCE: 7 years of professional experience. Collaborated with cross-functional teams on strategic planning and team leadership projects. Oversaw agile methodology operations and drove data analysis improvements. Developed and implemented budgeting strategies for the Product division. Spearheaded strategic planning programs that enhanced team leadership outcomes. SKILLS: team leadership, strategic planning, data analysis, budgeting, stakeholder management, agile methodology, business development.",7,Associate Degree,3.57,0,0,7,Product,Referral,0
C0279,"EDUCATION: Bachelor of Arts in Communications. EXPERIENCE: 1 years of professional experience. Designed and executed training development frameworks supporting Supply Chain objectives. Collaborated with cross-functional teams on agile methodology and communication projects. Managed a team of 15 employees in Customer Service department. Responsible for communication and agile methodology. Led training development initiatives resulting in improved operational efficiency across Sales. SKILLS: agile methodology, stakeholder management, communication, training development.",1,Bachelor of Arts,2.63,0,1,4,Marketing,Campus,1
C0280,"EDUCATION: Master of Business Administration. EXPERIENCE: 15 years of professional experience. Managed a team of 17 employees in Finance department. Responsible for problem solving and problem solving. Oversaw agile methodology operations and drove problem solving improvements. Managed a team of 15 employees in Human Resources department. Responsible for problem solving and business development. Led Microsoft Office initiatives resulting in improved operational efficiency across Research. SKILLS: process improvement, problem solving, Microsoft Office, business development, agile methodology.",15,Master of Business Administration,3.2,1,1,5,Customer Service,Job Board,0
C0281,"EDUCATION: Associate Degree in Business. EXPERIENCE: 10 years of professional experience. Developed and implemented agile methodology strategies for the Supply Chain division. Spearheaded agile methodology programs that enhanced data analysis outcomes. Collaborated with cross-functional teams on process improvement and data analysis projects. SKILLS: process improvement, agile methodology, customer service, Microsoft Office, quality assurance, Python, data analysis.",10,Associate Degree,2.64,1,1,7,Engineering,Referral,0
C0282,"EDUCATION: Master of Business Administration. EXPERIENCE: 13 years of professional experience. Spearheaded Microsoft Office programs that enhanced Microsoft Office outcomes. Oversaw Python operations and drove data analysis improvements. Managed a team of 8 employees in Research department. Responsible for data analysis and Microsoft Office. SKILLS: data analysis, Python, budgeting, Microsoft Office, SQL.",13,Master of Business Administration,3.84,0,1,5,IT,Job Board,0
C0283,"EDUCATION: Associate Degree in Business. EXPERIENCE: 11 years of professional experience. Designed and executed team leadership frameworks supporting Communications objectives. Spearheaded financial analysis programs that enhanced SQL outcomes. Designed and executed financial analysis frameworks supporting Risk Management objectives. Led stakeholder management initiatives resulting in improved operational efficiency across Risk Management. SKILLS: problem solving, customer service, Microsoft Office, SQL, stakeholder management, team leadership, financial analysis.",11,Associate Degree,3.32,0,1,7,Operations,Referral,0
C0284,"EDUCATION: Bachelor of Science in Accounting. EXPERIENCE: 18 years of professional experience. Oversaw training development operations and drove project management improvements. Collaborated with cross-functional teams on project management and budgeting projects. Designed and executed budgeting frameworks supporting Sales objectives. Designed and executed project management frameworks supporting Risk Management objectives. SKILLS: project management, strategic planning, Python, budgeting, business development, training development.",18,Bachelor of Science,3.65,0,0,6,Legal,Career Site,0
C0285,"EDUCATION: Bachelor of Arts in Communications. EXPERIENCE: 22 years of professional experience. Managed a team of 15 employees in Research department. Responsible for quality assurance and strategic planning. Developed and implemented problem solving strategies for the Communications division. SKILLS: communication, team leadership, problem solving, training development, Python, strategic planning, quality assurance.",22,Bachelor of Arts,3.98,0,0,7,Human Resources,Job Board,0
C0286,"EDUCATION: Bachelor of Arts in Communications. EXPERIENCE: 19 years of professional experience. Collaborated with cross-functional teams on problem solving and team leadership projects. Collaborated with cross-functional teams on SQL and communication projects. Led data analysis initiatives resulting in improved operational efficiency across Risk Management. SKILLS: SQL, agile methodology, communication, team leadership, problem solving, data analysis, financial analysis, quality assurance.",19,Bachelor of Arts,3.93,1,0,8,Supply Chain,Job Board,0
C0287,"EDUCATION: Bachelor of Science in Accounting. EXPERIENCE: 11 years of professional experience. Spearheaded training development programs that enhanced training development outcomes. Developed and implemented communication strategies for the Product division. Oversaw strategic planning operations and drove stakeholder management improvements. Led communication initiatives resulting in improved operational efficiency across Legal. SKILLS: Python, training development, stakeholder management, SQL, financial analysis, strategic planning, team leadership, communication.",11,Bachelor of Science,3.22,0,0,8,Customer Service,Career Site,0
C0288,"EDUCATION: Master of Business Administration. EXPERIENCE: 24 years of professional experience. Oversaw financial analysis operations and drove data analysis improvements. Spearheaded data analysis programs that enhanced financial analysis outcomes. Oversaw budgeting operations and drove risk assessment improvements. Spearheaded problem solving programs that enhanced risk assessment outcomes. SKILLS: problem solving, project management, budgeting, SQL, agile methodology, risk assessment, data analysis, financial analysis.",24,Master of Business Administration,3.52,0,0,8,Finance,Job Board,0
C0289,"EDUCATION: Bachelor of Science in Business Administration. EXPERIENCE: 22 years of professional experience. Designed and executed budgeting frameworks supporting Legal objectives. Developed and implemented problem solving strategies for the IT division. Oversaw process improvement operations and drove SQL improvements. SKILLS: problem solving, Python, process improvement, data analysis, SQL, budgeting.",22,Bachelor of Science,2.76,1,0,6,Supply Chain,Referral,0
C0290,"EDUCATION: Bachelor of Science in Computer Science. EXPERIENCE: 19 years of professional experience. Led agile methodology initiatives resulting in improved operational efficiency across Operations. Led SQL initiatives resulting in improved operational efficiency across Research. Oversaw problem solving operations and drove SQL improvements. SKILLS: process improvement, SQL, regulatory compliance, problem solving, agile methodology.",19,Bachelor of Science,3.8,0,1,5,Sales,Career Site,0
C0291,"EDUCATION: Bachelor of Arts in Communications. EXPERIENCE: 6 years of professional experience. Designed and executed agile methodology frameworks supporting Supply Chain objectives. Developed and implemented problem solving strategies for the Marketing division. Collaborated with cross-functional teams on communication and customer service projects. Developed and implemented data analysis strategies for the IT division. SKILLS: regulatory compliance, customer service, strategic planning, agile methodology, problem solving, communication, data analysis.",6,Bachelor of Arts,3.06,0,0,7,Sales,Referral,0
C0292,"EDUCATION: Bachelor of Science in Computer Science. EXPERIENCE: 17 years of professional experience. Collaborated with cross-functional teams on customer service and quality assurance projects. Developed and implemented project management strategies for the Communications division. Designed and executed customer service frameworks supporting Sales objectives. SKILLS: customer service, training development, agile methodology, process improvement, quality assurance, project management, strategic planning.",17,Bachelor of Science,2.96,1,1,7,IT,Referral,0
C0293,"EDUCATION: Master of Business Administration. EXPERIENCE: 16 years of professional experience. Collaborated with cross-functional teams on quality assurance and team leadership projects. Designed and executed quality assurance frameworks supporting IT objectives. Designed and executed regulatory compliance frameworks supporting Human Resources objectives. Collaborated with cross-functional teams on regulatory compliance and regulatory compliance projects. SKILLS: quality assurance, regulatory compliance, team leadership.",16,Master of Business Administration,3.18,0,0,3,Operations,Agency,0
C0294,"EDUCATION: Bachelor of Science in Accounting. EXPERIENCE: 7 years of professional experience. Collaborated with cross-functional teams on customer service and problem solving projects. Collaborated with cross-functional teams on Microsoft Office and process improvement projects. Developed and implemented Microsoft Office strategies for the Supply Chain division. SKILLS: Microsoft Office, customer service, business development, problem solving, process improvement.",7,Bachelor of Science,3.93,0,0,5,Communications,Job Board,0
C0295,"EDUCATION: Bachelor of Science in Computer Science. EXPERIENCE: 13 years of professional experience. Spearheaded problem solving programs that enhanced problem solving outcomes. Collaborated with cross-functional teams on problem solving and problem solving projects. Designed and executed process improvement frameworks supporting Communications objectives. Developed and implemented data analysis strategies for the Marketing division. SKILLS: data analysis, process improvement, problem solving.",13,Bachelor of Science,3.29,0,0,3,Risk Management,Job Board,0
C0296,"EDUCATION: Master of Science in Human Resources. EXPERIENCE: 2 years of professional experience. Designed and executed strategic planning frameworks supporting Legal objectives. Collaborated with cross-functional teams on problem solving and problem solving projects. Collaborated with cross-functional teams on communication and communication projects. SKILLS: agile methodology, problem solving, communication, strategic planning, stakeholder management.",2,Master of Science,3.31,0,1,5,Operations,Campus,0
C0297,"EDUCATION: Bachelor of Science in Finance. EXPERIENCE: 20 years of professional experience. Managed a team of 16 employees in Operations department. Responsible for regulatory compliance and process improvement. Designed and executed regulatory compliance frameworks supporting Finance objectives. SKILLS: regulatory compliance, stakeholder management, process improvement, strategic planning, financial analysis, team leadership, SQL, budgeting.",20,Bachelor of Science,3.7,0,1,8,Operations,Campus,0
C0298,"EDUCATION: Bachelor of Arts in Communications. EXPERIENCE: 11 years of professional experience. Led quality assurance initiatives resulting in improved operational efficiency across Operations. Managed a team of 19 employees in Sales department. Responsible for strategic planning and business development. SKILLS: Python, regulatory compliance, business development, team leadership, training development, quality assurance, strategic planning, data analysis.",11,Bachelor of Arts,3.52,1,1,8,Engineering,Career Site,0
C0299,"EDUCATION: Bachelor of Science in Accounting. EXPERIENCE: 20 years of professional experience. Collaborated with cross-functional teams on quality assurance and agile methodology projects. Collaborated with cross-functional teams on regulatory compliance and agile methodology projects. Led regulatory compliance initiatives resulting in improved operational efficiency across Marketing. Oversaw regulatory compliance operations and drove quality assurance improvements. SKILLS: financial analysis, quality assurance, regulatory compliance, agile methodology, training development.",20,Bachelor of Science,3.92,0,1,5,Human Resources,Job Board,0
C0300,"EDUCATION: Master of Business Administration. EXPERIENCE: 5 years of professional experience. Spearheaded quality assurance programs that enhanced Microsoft Office outcomes. Oversaw Microsoft Office operations and drove Microsoft Office improvements. SKILLS: Microsoft Office, problem solving, training development, customer service, communication, quality assurance, stakeholder management.",5,Master of Business Administration,3.07,0,1,7,Finance,Career Site,0
